profile_url,title,username,images,image_count,scrape_date
https://rosasidan.ws/ads/details/207591-Rough-videos-trffar-videokunder--milfslyna---ls-hela-annonsen/,,,https://rosasidan.ws/media/uploads/6/3/1/3/96894/t_picture_96894rg9u4okvanxu66t32bcbdt.jpeg|https://rosasidan.ws/media/uploads/0/9/5/6/93440/t_picture_93440j1qq1oq5vk6v9sxmonbs6ae.png|https://rosasidan.ws/media/uploads/0/9/9/6/8253/t_picture_8253rm9bqybkttqu1vq63zy139t.jpeg|https://rosasidan.ws/media/uploads/6/9/5/5/131289/t_picture_1312894go7b217dt3bhsxh2o5sju.jpg|https://rosasidan.ws/media/uploads/1/2/1/1/1647/t_picture_1647rf139u7pjmc3ukxp9sm4jd4.jpeg|https://rosasidan.ws/media/uploads/9/0/5/7/144746/t_picture_1447469g5knjy1pkzyx7ecpkv5r2.jpg|https://rosasidan.ws/media/uploads/0/2/8/9/1380/t_picture_1380hvjhfpxbbzcudfmjke7ftnd.jpeg|https://rosasidan.ws/media/uploads/6/9/5/5/131289/t_picture_1312894go7b217dt3bhsxh2o5sju.jpg|https://rosasidan.ws/media/uploads/2/5/9/1/157600/t_picture_157600rvjj2md9evomeke6hj8cj.jpeg|https://rosasidan.ws/media/uploads/3/0/0/4/148218/t_picture_148218hs3oby2jorp5fspqd1uumx.jpg|https://rosasidan.ws/media/uploads/9/0/5/7/144746/t_picture_144746s67fr39rs4kj1tynuad5za.jpg|https://rosasidan.ws/media/uploads/9/6/1/0/153849/t_picture_153849mqnxhcdjenqqrvd3gff4nz.jpg|https://rosasidan.ws/media/uploads/4/1/6/4/877/t_picture_877zofps6j4m5hpmuc8a7vh9uvy9.jpg|https://rosasidan.ws/media/uploads/1/4/7/2/143205/t_picture_143205o6bvf2rqyoq9acztqanmup.png|https://rosasidan.ws/media/uploads/3/1/7/7/101171/t_picture_101171srcyc1turr263e7dkjg9d.jpeg|https://rosasidan.ws/media/uploads/6/3/1/3/96894/t_rosasidan_HotH-gavle-profile-52ajm5r3.jpeg|https://rosasidan.ws/media/uploads/6/3/1/3/96894/t_picture_96894ejza1hzqmjc1mvz6stpu8x.jpeg|https://rosasidan.ws/media/uploads/6/3/1/3/96894/t_picture_96894orgmvx7xpsyvghhbyxp2pe.jpeg|https://rosasidan.ws/media/uploads/6/3/1/3/96894/t_picture_968943ue68f21euyqkagyvo62st.jpeg|https://rosasidan.ws/media/uploads/6/3/1/3/96894/t_picture_96894d499rsgq9jnhzxndk4nbr9.jpeg|https://rosasidan.ws/media/uploads/6/3/1/3/96894/t_picture_96894d55j5p395fyz4m6h3dtr38.jpeg|https://rosasidan.ws/media/uploads/6/3/1/3/96894/t_picture_96894rg9u4okvanxu66t32bcbdt.jpeg|https://rosasidan.ws/media/uploads/6/3/1/3/96894/t_picture_9689486suxceecj3hrc9xnjx6h3.jpeg|https://rosasidan.ws/media/uploads/6/3/1/3/96894/t_picture_96894q9dn4r4v5hqprgn6djmnbt.jpeg|https://rosasidan.ws/media/uploads/6/3/1/3/96894/t_picture_96894fk8u6kupbu5dae13yoknhx.jpeg|https://rosasidan.ws/media/uploads/6/3/1/3/96894/t_picture_96894oru3f4zpbdpuur4t3mgspk.jpeg|https://rosasidan.ws/media/uploads/6/3/1/3/96894/t_picture_968948h5fjx2ynpy1pbbbtn93o3.jpeg|https://rosasidan.ws/media/uploads/6/3/1/3/96894/t_picture_96894y7zvxdn7hz7yt6uvy7qfkv.jpeg|https://rosasidan.ws/media/uploads/4/5/9/8/43472/t_rosasidan_y4forme-halmstad-profile-bnjgjcp7.jpg,29,2025-03-17 19:48:29
https://rosasidan.ws/ads/details/215802-Trans-girl-best-sex/,,,https://rosasidan.ws/media/uploads/6/9/5/5/131289/t_picture_1312894go7b217dt3bhsxh2o5sju.jpg|https://rosasidan.ws/media/uploads/6/3/1/3/96894/t_picture_96894rg9u4okvanxu66t32bcbdt.jpeg|https://rosasidan.ws/media/uploads/0/9/9/6/8253/t_picture_8253rm9bqybkttqu1vq63zy139t.jpeg|https://rosasidan.ws/media/uploads/1/2/1/1/1647/t_picture_1647rf139u7pjmc3ukxp9sm4jd4.jpeg|https://rosasidan.ws/media/uploads/3/0/0/4/148218/t_picture_148218hs3oby2jorp5fspqd1uumx.jpg|https://rosasidan.ws/media/uploads/9/0/5/7/144746/t_picture_1447469g5knjy1pkzyx7ecpkv5r2.jpg|https://rosasidan.ws/media/uploads/0/2/8/9/1380/t_picture_1380hvjhfpxbbzcudfmjke7ftnd.jpeg|https://rosasidan.ws/media/uploads/6/9/5/5/131289/t_picture_1312894go7b217dt3bhsxh2o5sju.jpg|https://rosasidan.ws/media/uploads/2/5/9/1/157600/t_picture_157600rvjj2md9evomeke6hj8cj.jpeg|https://rosasidan.ws/media/uploads/3/0/0/4/148218/t_picture_148218hs3oby2jorp5fspqd1uumx.jpg|https://rosasidan.ws/media/uploads/9/0/5/7/144746/t_picture_144746s67fr39rs4kj1tynuad5za.jpg|https://rosasidan.ws/media/uploads/9/6/1/0/153849/t_picture_153849mqnxhcdjenqqrvd3gff4nz.jpg|https://rosasidan.ws/media/uploads/4/1/6/4/877/t_picture_877zofps6j4m5hpmuc8a7vh9uvy9.jpg|https://rosasidan.ws/media/uploads/1/4/7/2/143205/t_picture_143205o6bvf2rqyoq9acztqanmup.png|https://rosasidan.ws/media/uploads/3/1/7/7/101171/t_picture_101171srcyc1turr263e7dkjg9d.jpeg|https://rosasidan.ws/media/uploads/9/0/5/7/144746/t_rosasidan_Jessica102-lund-profile-es553558.jpg|https://rosasidan.ws/media/uploads/9/0/5/7/144746/t_picture_1447468v48kyje3p41mpndmtg8sy.jpg|https://rosasidan.ws/media/uploads/9/0/5/7/144746/t_picture_144746s67fr39rs4kj1tynuad5za.jpg|https://rosasidan.ws/media/uploads/9/0/5/7/144746/t_picture_144746uy32o2rxaqks8k2nu6j8mz.jpg|https://rosasidan.ws/media/uploads/9/0/5/7/144746/t_picture_144746nxou89vfkxmctyf42t3sgn.jpg|https://rosasidan.ws/media/uploads/9/0/5/7/144746/t_picture_144746fh378yqge5v16v727c2bot.jpg|https://rosasidan.ws/media/uploads/9/0/5/7/144746/t_picture_1447469g5knjy1pkzyx7ecpkv5r2.jpg|https://rosasidan.ws/media/uploads/9/0/5/7/144746/t_picture_144746tj8hjkx5fznv9vqjmsen79.png|https://rosasidan.ws/media/uploads/9/0/5/7/144746/t_picture_1447462yaemmb99vt42jb2eyd95e.jpg|https://rosasidan.ws/media/uploads/9/0/5/7/144746/t_picture_14474666kqqf6crqgr95hd3a1am8.jpg|https://rosasidan.ws/media/uploads/9/0/5/7/144746/t_picture_144746yho187u686nu9vynmf4gkq.jpg|https://rosasidan.ws/media/uploads/4/5/9/8/43472/t_rosasidan_y4forme-halmstad-profile-bnjgjcp7.jpg,27,2025-03-17 19:48:30
https://rosasidan.ws/ads/details/175022-Mndag-hej-mammas-busiga-pojkar-lngtar-att-f-klmma-igen-dig-ven-p-camtelewhotsapp/,,,https://rosasidan.ws/media/uploads/6/3/1/3/96894/t_picture_96894rg9u4okvanxu66t32bcbdt.jpeg|https://rosasidan.ws/media/uploads/1/2/1/1/1647/t_picture_1647rf139u7pjmc3ukxp9sm4jd4.jpeg|https://rosasidan.ws/media/uploads/0/9/5/6/93440/t_picture_93440j1qq1oq5vk6v9sxmonbs6ae.png|https://rosasidan.ws/media/uploads/0/9/9/6/8253/t_picture_8253rm9bqybkttqu1vq63zy139t.jpeg|https://rosasidan.ws/media/uploads/3/0/0/4/148218/t_picture_148218hs3oby2jorp5fspqd1uumx.jpg|https://rosasidan.ws/media/uploads/9/0/5/7/144746/t_picture_1447469g5knjy1pkzyx7ecpkv5r2.jpg|https://rosasidan.ws/media/uploads/0/2/8/9/1380/t_picture_1380hvjhfpxbbzcudfmjke7ftnd.jpeg|https://rosasidan.ws/media/uploads/6/9/5/5/131289/t_picture_1312894go7b217dt3bhsxh2o5sju.jpg|https://rosasidan.ws/media/uploads/2/5/9/1/157600/t_picture_157600rvjj2md9evomeke6hj8cj.jpeg|https://rosasidan.ws/media/uploads/3/0/0/4/148218/t_picture_148218hs3oby2jorp5fspqd1uumx.jpg|https://rosasidan.ws/media/uploads/9/0/5/7/144746/t_picture_144746s67fr39rs4kj1tynuad5za.jpg|https://rosasidan.ws/media/uploads/9/6/1/0/153849/t_picture_153849mqnxhcdjenqqrvd3gff4nz.jpg|https://rosasidan.ws/media/uploads/4/1/6/4/877/t_picture_877zofps6j4m5hpmuc8a7vh9uvy9.jpg|https://rosasidan.ws/media/uploads/1/4/7/2/143205/t_picture_143205o6bvf2rqyoq9acztqanmup.png|https://rosasidan.ws/media/uploads/3/1/7/7/101171/t_picture_101171srcyc1turr263e7dkjg9d.jpeg|https://rosasidan.ws/media/uploads/4/6/3/2/247/t_rosasidan_matilda-stockholm-profile-netytyu4.jpg|https://rosasidan.ws/media/uploads/smiley_wink.png|https://rosasidan.ws/media/uploads/smiley_smile.png|https://rosasidan.ws/media/uploads/4/6/3/2/247/t_picture_2477b5czgmn9jttyqgh6pbntee7b.jpg|https://rosasidan.ws/media/uploads/4/6/3/2/247/t_picture_247fm4jxbcoknvxcqkk1j5sszobs.jpg|https://rosasidan.ws/media/uploads/4/6/3/2/247/t_picture_2477gbjra2j5z6x6q691y9k7vy5c.jpg|https://rosasidan.ws/media/uploads/4/6/3/2/247/t_picture_247rvn8jdt6edoj2ga5rz9sq8hjt.jpg|https://rosasidan.ws/media/uploads/4/6/3/2/247/t_picture_247kx22p8j9a3cd6o6odn9etqtuj.jpg|https://rosasidan.ws/media/uploads/4/6/3/2/247/t_picture_247yx22e6omaeyp1fd67n242q498.jpg|https://rosasidan.ws/media/uploads/4/6/3/2/247/t_picture_247btzhq231jxdodxeyrx7gfuoun.jpg|https://rosasidan.ws/media/uploads/4/6/3/2/247/t_picture_247usm7942o1hoj7t3hrddjc4nxx.jpg|https://rosasidan.ws/media/uploads/4/6/3/2/247/t_picture_247rnsq7pbs7ec8uz1nt7amx74ma.jpg|https://rosasidan.ws/media/uploads/4/6/3/2/247/t_picture_247tcfvp6efx5mncsc867xjf48kc.jpg|https://rosasidan.ws/media/uploads/4/6/3/2/247/t_picture_247ue4dede53pxnjd65aoyncnayj.jpg|https://rosasidan.ws/media/uploads/4/6/3/2/247/t_picture_247ojagqg8s1ka3kfxmmpqf7es2t.jpg|https://rosasidan.ws/media/uploads/4/6/3/2/247/t_picture_247s6ojcqpvoxe6e897pd45qbkjg.jpg|https://rosasidan.ws/media/uploads/4/6/3/2/247/t_picture_247do8hdxfcroufd4a4sf6ufpcxg.jpg|https://rosasidan.ws/media/uploads/4/6/3/2/247/t_picture_2471gee1pbb9veacespv16v277g9.jpg|https://rosasidan.ws/media/uploads/4/6/3/2/247/t_picture_247v9q992rf9zjakm98hrshepunv.jpg|https://rosasidan.ws/media/uploads/4/6/3/2/247/t_picture_247t31dky4mjfhodd8mb4xgmoddp.png|https://rosasidan.ws/media/uploads/4/6/3/2/247/t_picture_247xp97pqmsu7ta7dh5fgtahxcdk.jpg|https://rosasidan.ws/media/uploads/4/6/3/2/247/t_picture_247a593tzsn7vkmco9unhz41bpra.jpg|https://rosasidan.ws/media/uploads/4/6/3/2/247/t_picture_247p29hns6m5a6cdjbvjuffp2paf.jpg|https://rosasidan.ws/media/uploads/4/6/3/2/247/t_picture_247f38ezevna1s4518vge6ordc7d.jpg|https://rosasidan.ws/media/uploads/4/6/3/2/247/t_picture_2471f24csh2bdz1x93dptbx5oyfg.jpg|https://rosasidan.ws/media/uploads/4/6/3/2/247/t_picture_2479c1p8cjut2cxuttmjo5r6fuba.jpg|https://rosasidan.ws/media/uploads/4/6/3/2/247/t_picture_247ts7xcjk1usfj4dqy4a2sqj3f2.jpg|https://rosasidan.ws/media/uploads/4/5/9/8/43472/t_rosasidan_y4forme-halmstad-profile-bnjgjcp7.jpg,43,2025-03-17 19:48:32
https://rosasidan.ws/ads/details/214176-Slynig-busig-tjej-endast-online-inga-trffar-alls/,,,https://rosasidan.ws/media/uploads/6/3/1/3/96894/t_picture_96894rg9u4okvanxu66t32bcbdt.jpeg|https://rosasidan.ws/media/uploads/0/9/5/6/93440/t_picture_93440j1qq1oq5vk6v9sxmonbs6ae.png|https://rosasidan.ws/media/uploads/3/0/0/4/148218/t_picture_148218hs3oby2jorp5fspqd1uumx.jpg|https://rosasidan.ws/media/uploads/1/2/1/1/1647/t_picture_1647rf139u7pjmc3ukxp9sm4jd4.jpeg|https://rosasidan.ws/media/uploads/6/9/5/5/131289/t_picture_1312894go7b217dt3bhsxh2o5sju.jpg|https://rosasidan.ws/media/uploads/9/0/5/7/144746/t_picture_1447469g5knjy1pkzyx7ecpkv5r2.jpg|https://rosasidan.ws/media/uploads/0/2/8/9/1380/t_picture_1380hvjhfpxbbzcudfmjke7ftnd.jpeg|https://rosasidan.ws/media/uploads/6/9/5/5/131289/t_picture_1312894go7b217dt3bhsxh2o5sju.jpg|https://rosasidan.ws/media/uploads/2/5/9/1/157600/t_picture_157600rvjj2md9evomeke6hj8cj.jpeg|https://rosasidan.ws/media/uploads/3/0/0/4/148218/t_picture_148218hs3oby2jorp5fspqd1uumx.jpg|https://rosasidan.ws/media/uploads/9/0/5/7/144746/t_picture_144746s67fr39rs4kj1tynuad5za.jpg|https://rosasidan.ws/media/uploads/9/6/1/0/153849/t_picture_153849mqnxhcdjenqqrvd3gff4nz.jpg|https://rosasidan.ws/media/uploads/4/1/6/4/877/t_picture_877zofps6j4m5hpmuc8a7vh9uvy9.jpg|https://rosasidan.ws/media/uploads/1/4/7/2/143205/t_picture_143205o6bvf2rqyoq9acztqanmup.png|https://rosasidan.ws/media/uploads/3/1/7/7/101171/t_picture_101171srcyc1turr263e7dkjg9d.jpeg|https://rosasidan.ws/media/uploads/4/5/9/8/43472/t_rosasidan_y4forme-halmstad-profile-bnjgjcp7.jpg,16,2025-03-17 19:48:33
https://rosasidan.ws/ads/details/178760-Sexy-lady/,,,https://rosasidan.ws/media/uploads/6/3/1/3/96894/t_picture_96894rg9u4okvanxu66t32bcbdt.jpeg|https://rosasidan.ws/media/uploads/0/9/5/6/93440/t_picture_93440j1qq1oq5vk6v9sxmonbs6ae.png|https://rosasidan.ws/media/uploads/0/9/9/6/8253/t_picture_8253rm9bqybkttqu1vq63zy139t.jpeg|https://rosasidan.ws/media/uploads/3/0/0/4/148218/t_picture_148218hs3oby2jorp5fspqd1uumx.jpg|https://rosasidan.ws/media/uploads/1/2/1/1/1647/t_picture_1647rf139u7pjmc3ukxp9sm4jd4.jpeg|https://rosasidan.ws/media/uploads/9/0/5/7/144746/t_picture_1447469g5knjy1pkzyx7ecpkv5r2.jpg|https://rosasidan.ws/media/uploads/0/2/8/9/1380/t_picture_1380hvjhfpxbbzcudfmjke7ftnd.jpeg|https://rosasidan.ws/media/uploads/6/9/5/5/131289/t_picture_1312894go7b217dt3bhsxh2o5sju.jpg|https://rosasidan.ws/media/uploads/2/5/9/1/157600/t_picture_157600rvjj2md9evomeke6hj8cj.jpeg|https://rosasidan.ws/media/uploads/3/0/0/4/148218/t_picture_148218hs3oby2jorp5fspqd1uumx.jpg|https://rosasidan.ws/media/uploads/9/0/5/7/144746/t_picture_144746s67fr39rs4kj1tynuad5za.jpg|https://rosasidan.ws/media/uploads/9/6/1/0/153849/t_picture_153849mqnxhcdjenqqrvd3gff4nz.jpg|https://rosasidan.ws/media/uploads/4/1/6/4/877/t_picture_877zofps6j4m5hpmuc8a7vh9uvy9.jpg|https://rosasidan.ws/media/uploads/1/4/7/2/143205/t_picture_143205o6bvf2rqyoq9acztqanmup.png|https://rosasidan.ws/media/uploads/3/1/7/7/101171/t_picture_101171srcyc1turr263e7dkjg9d.jpeg|https://rosasidan.ws/media/uploads/0/7/9/3/60218/t_rosasidan_SexigaKvinnan-stockholm-profile-p1nvfd9x.jpg|https://rosasidan.ws/media/uploads/0/7/9/3/60218/t_picture_60218d35o2prz4e81m9dtcfzpy58.jpg|https://rosasidan.ws/media/uploads/0/7/9/3/60218/t_picture_60218j1c5qfnafuvvmod3ypqsbc1.jpg|https://rosasidan.ws/media/uploads/0/7/9/3/60218/t_picture_602184szfdzq6pvsp612ce4efa89.jpg|https://rosasidan.ws/media/uploads/0/7/9/3/60218/t_picture_60218xye3144kyxttqednjz351v3.jpg|https://rosasidan.ws/media/uploads/0/7/9/3/60218/t_picture_60218pda7vvefku13vabhapd8zu.jpeg|https://rosasidan.ws/media/uploads/0/7/9/3/60218/t_picture_60218z2pops3estns2jj2kvtg6ha.jpg|https://rosasidan.ws/media/uploads/4/5/9/8/43472/t_rosasidan_y4forme-halmstad-profile-bnjgjcp7.jpg,23,2025-03-17 19:48:35
https://rosasidan.ws/ads/details/215208-Playboy-model/,,,https://rosasidan.ws/media/uploads/0/9/9/6/8253/t_picture_8253rm9bqybkttqu1vq63zy139t.jpeg|https://rosasidan.ws/media/uploads/1/2/1/1/1647/t_picture_1647rf139u7pjmc3ukxp9sm4jd4.jpeg|https://rosasidan.ws/media/uploads/6/9/5/5/131289/t_picture_1312894go7b217dt3bhsxh2o5sju.jpg|https://rosasidan.ws/media/uploads/6/3/1/3/96894/t_picture_96894rg9u4okvanxu66t32bcbdt.jpeg|https://rosasidan.ws/media/uploads/0/9/5/6/93440/t_picture_93440j1qq1oq5vk6v9sxmonbs6ae.png|https://rosasidan.ws/media/uploads/9/0/5/7/144746/t_picture_1447469g5knjy1pkzyx7ecpkv5r2.jpg|https://rosasidan.ws/media/uploads/0/2/8/9/1380/t_picture_1380hvjhfpxbbzcudfmjke7ftnd.jpeg|https://rosasidan.ws/media/uploads/6/9/5/5/131289/t_picture_1312894go7b217dt3bhsxh2o5sju.jpg|https://rosasidan.ws/media/uploads/2/5/9/1/157600/t_picture_157600rvjj2md9evomeke6hj8cj.jpeg|https://rosasidan.ws/media/uploads/3/0/0/4/148218/t_picture_148218hs3oby2jorp5fspqd1uumx.jpg|https://rosasidan.ws/media/uploads/9/0/5/7/144746/t_picture_144746s67fr39rs4kj1tynuad5za.jpg|https://rosasidan.ws/media/uploads/9/6/1/0/153849/t_picture_153849mqnxhcdjenqqrvd3gff4nz.jpg|https://rosasidan.ws/media/uploads/4/1/6/4/877/t_picture_877zofps6j4m5hpmuc8a7vh9uvy9.jpg|https://rosasidan.ws/media/uploads/1/4/7/2/143205/t_picture_143205o6bvf2rqyoq9acztqanmup.png|https://rosasidan.ws/media/uploads/3/1/7/7/101171/t_picture_101171srcyc1turr263e7dkjg9d.jpeg|https://rosasidan.ws/media/uploads/2/6/9/0/100711/t_rosasidan_Taintedlove-stockholm-profile-oxem474m.jpeg|https://rosasidan.ws/media/uploads/smiley_hhcfhk38c6b3m47bq1hogmej7a3.gif|https://rosasidan.ws/media/uploads/smiley_hhcfhk38c6b3m47bq1hogmej7a3.gif|https://rosasidan.ws/media/uploads/smiley_hhcfhk38c6b3m47bq1hogmej7a3.gif|https://rosasidan.ws/media/uploads/smiley_hhcfhk38c6b3m47bq1hogmej7a3.gif|https://rosasidan.ws/media/uploads/smiley_hhcfhk38c6b3m47bq1hogmej7a3.gif|https://rosasidan.ws/media/uploads/2/6/9/0/100711/t_picture_100711kk58ocjer48rpgmh8jqoqk.png|https://rosasidan.ws/media/uploads/2/6/9/0/100711/t_picture_1007115advm357v7g18y8r8uutv.jpeg|https://rosasidan.ws/media/uploads/2/6/9/0/100711/t_picture_100711rvevfh3kd7n9npjvt8tmf.jpeg|https://rosasidan.ws/media/uploads/2/6/9/0/100711/t_picture_100711a2v9mx1y3h8meru6t3613.jpeg|https://rosasidan.ws/media/uploads/2/6/9/0/100711/t_picture_10071198j941b6cuanpn435bmc4.jpeg|https://rosasidan.ws/media/uploads/2/6/9/0/100711/t_picture_100711xqmkrj4y191bu4ae6uatj.jpeg|https://rosasidan.ws/media/uploads/2/6/9/0/100711/t_picture_100711x84d7o9kmkmk3eveypt2j.jpeg|https://rosasidan.ws/media/uploads/2/6/9/0/100711/t_picture_100711dbkoasmuk23bnujeo4qsx.jpeg|https://rosasidan.ws/media/uploads/2/6/9/0/100711/t_picture_100711s6abrbhe4zxn5ksj4qzt1.jpeg|https://rosasidan.ws/media/uploads/2/6/9/0/100711/t_picture_100711or7rze835yr1pnpn3qoxv.jpeg|https://rosasidan.ws/media/uploads/2/6/9/0/100711/t_picture_100711k45exnky87us7neh1eccq.jpeg|https://rosasidan.ws/media/uploads/2/6/9/0/100711/t_picture_100711cn4o4755zp6f1r95ctn4n.jpeg|https://rosasidan.ws/media/uploads/4/5/9/8/43472/t_rosasidan_y4forme-halmstad-profile-bnjgjcp7.jpg,34,2025-03-17 19:48:37
https://rosasidan.ws/ads/details/215805-Busigt-och-billigt-/,,,https://rosasidan.ws/media/uploads/3/0/0/4/148218/t_picture_148218hs3oby2jorp5fspqd1uumx.jpg|https://rosasidan.ws/media/uploads/0/9/5/6/93440/t_picture_93440j1qq1oq5vk6v9sxmonbs6ae.png|https://rosasidan.ws/media/uploads/1/2/1/1/1647/t_picture_1647rf139u7pjmc3ukxp9sm4jd4.jpeg|https://rosasidan.ws/media/uploads/0/9/9/6/8253/t_picture_8253rm9bqybkttqu1vq63zy139t.jpeg|https://rosasidan.ws/media/uploads/6/9/5/5/131289/t_picture_1312894go7b217dt3bhsxh2o5sju.jpg|https://rosasidan.ws/media/uploads/9/0/5/7/144746/t_picture_1447469g5knjy1pkzyx7ecpkv5r2.jpg|https://rosasidan.ws/media/uploads/0/2/8/9/1380/t_picture_1380hvjhfpxbbzcudfmjke7ftnd.jpeg|https://rosasidan.ws/media/uploads/6/9/5/5/131289/t_picture_1312894go7b217dt3bhsxh2o5sju.jpg|https://rosasidan.ws/media/uploads/2/5/9/1/157600/t_picture_157600rvjj2md9evomeke6hj8cj.jpeg|https://rosasidan.ws/media/uploads/3/0/0/4/148218/t_picture_148218hs3oby2jorp5fspqd1uumx.jpg|https://rosasidan.ws/media/uploads/9/0/5/7/144746/t_picture_144746s67fr39rs4kj1tynuad5za.jpg|https://rosasidan.ws/media/uploads/9/6/1/0/153849/t_picture_153849mqnxhcdjenqqrvd3gff4nz.jpg|https://rosasidan.ws/media/uploads/4/1/6/4/877/t_picture_877zofps6j4m5hpmuc8a7vh9uvy9.jpg|https://rosasidan.ws/media/uploads/1/4/7/2/143205/t_picture_143205o6bvf2rqyoq9acztqanmup.png|https://rosasidan.ws/media/uploads/3/1/7/7/101171/t_picture_101171srcyc1turr263e7dkjg9d.jpeg|https://rosasidan.ws/media/uploads/7/1/1/2/152654/t_picture_0148paa17a815ahrk2qg4n3emmo8.jpg|https://rosasidan.ws/media/uploads/7/1/1/2/152654/t_picture_152654f91dj6kjf69jbjoko3fz44.jpg|https://rosasidan.ws/media/uploads/7/1/1/2/152654/t_picture_152654r55pm6zm9v1js156cbq5au.jpg|https://rosasidan.ws/media/uploads/7/1/1/2/152654/t_picture_152654e875ops9mzqurgu2juc6q1.jpg|https://rosasidan.ws/media/uploads/7/1/1/2/152654/t_picture_152654jb63q64529usr6dp3pcjy7.jpg|https://rosasidan.ws/media/uploads/7/1/1/2/152654/t_picture_152654c24hysfjr1hrnr563u563q.jpg|https://rosasidan.ws/media/uploads/7/1/1/2/152654/t_picture_1526547h49ueay34jjp15bn6yxr.jpeg|https://rosasidan.ws/media/uploads/7/1/1/2/152654/t_picture_152654bvcgbonz47jynuyjbfxcsk.jpg|https://rosasidan.ws/media/uploads/7/1/1/2/152654/t_picture_152654to7m87txym9jb78jyyofvq.jpg|https://rosasidan.ws/media/uploads/4/5/9/8/43472/t_rosasidan_y4forme-halmstad-profile-bnjgjcp7.jpg,25,2025-03-17 19:48:39
https://rosasidan.ws/ads/details/166424-r-du-en-busig-kt-o-leklysten-gentleman-s-har-du-en-stortuttad-sexgudinna-m-sug-i/,,,https://rosasidan.ws/media/uploads/3/0/0/4/148218/t_picture_148218hs3oby2jorp5fspqd1uumx.jpg|https://rosasidan.ws/media/uploads/6/3/1/3/96894/t_picture_96894rg9u4okvanxu66t32bcbdt.jpeg|https://rosasidan.ws/media/uploads/6/9/5/5/131289/t_picture_1312894go7b217dt3bhsxh2o5sju.jpg|https://rosasidan.ws/media/uploads/0/9/5/6/93440/t_picture_93440j1qq1oq5vk6v9sxmonbs6ae.png|https://rosasidan.ws/media/uploads/0/9/9/6/8253/t_picture_8253rm9bqybkttqu1vq63zy139t.jpeg|https://rosasidan.ws/media/uploads/9/0/5/7/144746/t_picture_1447469g5knjy1pkzyx7ecpkv5r2.jpg|https://rosasidan.ws/media/uploads/0/2/8/9/1380/t_picture_1380hvjhfpxbbzcudfmjke7ftnd.jpeg|https://rosasidan.ws/media/uploads/6/9/5/5/131289/t_picture_1312894go7b217dt3bhsxh2o5sju.jpg|https://rosasidan.ws/media/uploads/2/5/9/1/157600/t_picture_157600rvjj2md9evomeke6hj8cj.jpeg|https://rosasidan.ws/media/uploads/3/0/0/4/148218/t_picture_148218hs3oby2jorp5fspqd1uumx.jpg|https://rosasidan.ws/media/uploads/9/0/5/7/144746/t_picture_144746s67fr39rs4kj1tynuad5za.jpg|https://rosasidan.ws/media/uploads/9/6/1/0/153849/t_picture_153849mqnxhcdjenqqrvd3gff4nz.jpg|https://rosasidan.ws/media/uploads/4/1/6/4/877/t_picture_877zofps6j4m5hpmuc8a7vh9uvy9.jpg|https://rosasidan.ws/media/uploads/1/4/7/2/143205/t_picture_143205o6bvf2rqyoq9acztqanmup.png|https://rosasidan.ws/media/uploads/3/1/7/7/101171/t_picture_101171srcyc1turr263e7dkjg9d.jpeg|https://rosasidan.ws/media/uploads/8/7/1/6/31477/t_rosasidan_Mehra-stockholm-profile-8ynd35sd.jpeg|https://rosasidan.ws/media/uploads/smiley_wink.png|https://rosasidan.ws/media/uploads/smiley_wink.png|https://rosasidan.ws/media/uploads/smiley_wink.png|https://rosasidan.ws/media/uploads/smiley_wink.png|https://rosasidan.ws/media/uploads/8/7/1/6/31477/t_picture_31477r9f6c6yfuvsz5s89zuj98q.jpeg|https://rosasidan.ws/media/uploads/8/7/1/6/31477/t_picture_31477sfvp3tdnrdexykn2drfo2u.jpeg|https://rosasidan.ws/media/uploads/8/7/1/6/31477/t_picture_31477thtrhoa5uksnnhbkqgyxu3.jpeg|https://rosasidan.ws/media/uploads/8/7/1/6/31477/t_picture_314777cygd7gr9duomvy62kz1bq.jpeg|https://rosasidan.ws/media/uploads/8/7/1/6/31477/t_picture_31477xnp1d2ac9ft5ebx6sdm4vg.jpeg|https://rosasidan.ws/media/uploads/8/7/1/6/31477/t_picture_314777r4yjdctfhguseo9a3kjd9.jpeg|https://rosasidan.ws/media/uploads/8/7/1/6/31477/t_picture_314779bvz863ryevmu5ffefsnjk.jpeg|https://rosasidan.ws/media/uploads/8/7/1/6/31477/t_picture_31477feexcp9vpyjpf4jqunvgho.jpeg|https://rosasidan.ws/media/uploads/8/7/1/6/31477/t_picture_31477brvyb675bphspeon5ksrzh.jpeg|https://rosasidan.ws/media/uploads/8/7/1/6/31477/t_picture_31477rseg8grzkbr4x3noaxnn4t.jpeg|https://rosasidan.ws/media/uploads/8/7/1/6/31477/t_picture_31477ten8rsokutoh45cnze2e8x.jpeg|https://rosasidan.ws/media/uploads/8/7/1/6/31477/t_picture_31477hnepnuz5ocubrrd7zxmy89.jpeg|https://rosasidan.ws/media/uploads/8/7/1/6/31477/t_picture_31477sp3ym4vstdmg4kj66gv4s2.jpeg|https://rosasidan.ws/media/uploads/8/7/1/6/31477/t_picture_31477tztfzbgdcm59jn9zkcxvtm.jpeg|https://rosasidan.ws/media/uploads/8/7/1/6/31477/t_picture_31477nme69h7c6r7o846s1ettsm.jpeg|https://rosasidan.ws/media/uploads/8/7/1/6/31477/t_picture_314774365hxey18g85c4ddhgc74.jpeg|https://rosasidan.ws/media/uploads/8/7/1/6/31477/t_picture_31477m5soacoayj5rp3y3uy43xk.jpeg|https://rosasidan.ws/media/uploads/8/7/1/6/31477/t_picture_314772r9pnu4497vvjjmgptuav7.jpeg|https://rosasidan.ws/media/uploads/8/7/1/6/31477/t_picture_3147786kzn225mo33fo982a7p79.jpeg|https://rosasidan.ws/media/uploads/8/7/1/6/31477/t_picture_31477683dxjajo5grs2d72qgvvg.jpeg|https://rosasidan.ws/media/uploads/4/5/9/8/43472/t_rosasidan_y4forme-halmstad-profile-bnjgjcp7.jpg,41,2025-03-17 19:48:40
https://rosasidan.ws/ads/details/215769-Camshow-filmer/,,,https://rosasidan.ws/media/uploads/3/0/0/4/148218/t_picture_148218hs3oby2jorp5fspqd1uumx.jpg|https://rosasidan.ws/media/uploads/0/9/5/6/93440/t_picture_93440j1qq1oq5vk6v9sxmonbs6ae.png|https://rosasidan.ws/media/uploads/1/2/1/1/1647/t_picture_1647rf139u7pjmc3ukxp9sm4jd4.jpeg|https://rosasidan.ws/media/uploads/6/9/5/5/131289/t_picture_1312894go7b217dt3bhsxh2o5sju.jpg|https://rosasidan.ws/media/uploads/0/9/9/6/8253/t_picture_8253rm9bqybkttqu1vq63zy139t.jpeg|https://rosasidan.ws/media/uploads/9/0/5/7/144746/t_picture_1447469g5knjy1pkzyx7ecpkv5r2.jpg|https://rosasidan.ws/media/uploads/0/2/8/9/1380/t_picture_1380hvjhfpxbbzcudfmjke7ftnd.jpeg|https://rosasidan.ws/media/uploads/6/9/5/5/131289/t_picture_1312894go7b217dt3bhsxh2o5sju.jpg|https://rosasidan.ws/media/uploads/2/5/9/1/157600/t_picture_157600rvjj2md9evomeke6hj8cj.jpeg|https://rosasidan.ws/media/uploads/3/0/0/4/148218/t_picture_148218hs3oby2jorp5fspqd1uumx.jpg|https://rosasidan.ws/media/uploads/9/0/5/7/144746/t_picture_144746s67fr39rs4kj1tynuad5za.jpg|https://rosasidan.ws/media/uploads/9/6/1/0/153849/t_picture_153849mqnxhcdjenqqrvd3gff4nz.jpg|https://rosasidan.ws/media/uploads/4/1/6/4/877/t_picture_877zofps6j4m5hpmuc8a7vh9uvy9.jpg|https://rosasidan.ws/media/uploads/1/4/7/2/143205/t_picture_143205o6bvf2rqyoq9acztqanmup.png|https://rosasidan.ws/media/uploads/3/1/7/7/101171/t_picture_101171srcyc1turr263e7dkjg9d.jpeg|https://rosasidan.ws/media/uploads/6/9/5/5/131289/t_picture_131289a91qqt1ygxc8rv7nazkss5.jpg|https://rosasidan.ws/media/uploads/6/9/5/5/131289/t_picture_131289u7u6jk5rxvur5aev8q2ufn.jpg|https://rosasidan.ws/media/uploads/6/9/5/5/131289/t_picture_1312899ut61gue11p9yg1t1dn9dh.jpg|https://rosasidan.ws/media/uploads/6/9/5/5/131289/t_picture_1312894go7b217dt3bhsxh2o5sju.jpg|https://rosasidan.ws/media/uploads/4/5/9/8/43472/t_rosasidan_y4forme-halmstad-profile-bnjgjcp7.jpg,20,2025-03-17 19:48:42
https://rosasidan.ws/ads/details/215792-Mndags-kt-och-f-bort-din-mndags-ngest-med-mig--/,,,https://rosasidan.ws/media/uploads/6/9/5/5/131289/t_picture_1312894go7b217dt3bhsxh2o5sju.jpg|https://rosasidan.ws/media/uploads/0/9/9/6/8253/t_picture_8253rm9bqybkttqu1vq63zy139t.jpeg|https://rosasidan.ws/media/uploads/1/2/1/1/1647/t_picture_1647rf139u7pjmc3ukxp9sm4jd4.jpeg|https://rosasidan.ws/media/uploads/0/9/5/6/93440/t_picture_93440j1qq1oq5vk6v9sxmonbs6ae.png|https://rosasidan.ws/media/uploads/3/0/0/4/148218/t_picture_148218hs3oby2jorp5fspqd1uumx.jpg|https://rosasidan.ws/media/uploads/9/0/5/7/144746/t_picture_1447469g5knjy1pkzyx7ecpkv5r2.jpg|https://rosasidan.ws/media/uploads/0/2/8/9/1380/t_picture_1380hvjhfpxbbzcudfmjke7ftnd.jpeg|https://rosasidan.ws/media/uploads/6/9/5/5/131289/t_picture_1312894go7b217dt3bhsxh2o5sju.jpg|https://rosasidan.ws/media/uploads/2/5/9/1/157600/t_picture_157600rvjj2md9evomeke6hj8cj.jpeg|https://rosasidan.ws/media/uploads/3/0/0/4/148218/t_picture_148218hs3oby2jorp5fspqd1uumx.jpg|https://rosasidan.ws/media/uploads/9/0/5/7/144746/t_picture_144746s67fr39rs4kj1tynuad5za.jpg|https://rosasidan.ws/media/uploads/9/6/1/0/153849/t_picture_153849mqnxhcdjenqqrvd3gff4nz.jpg|https://rosasidan.ws/media/uploads/4/1/6/4/877/t_picture_877zofps6j4m5hpmuc8a7vh9uvy9.jpg|https://rosasidan.ws/media/uploads/1/4/7/2/143205/t_picture_143205o6bvf2rqyoq9acztqanmup.png|https://rosasidan.ws/media/uploads/3/1/7/7/101171/t_picture_101171srcyc1turr263e7dkjg9d.jpeg|https://rosasidan.ws/media/uploads/9/1/3/0/150575/t_picture_150575crmv5prd8dpdokxeb5hot.jpeg|https://rosasidan.ws/media/uploads/9/1/3/0/150575/t_picture_1505759f446fetedkgsshjhkdkb.jpeg|https://rosasidan.ws/media/uploads/9/1/3/0/150575/t_picture_150575hgno34yzo55n92ftbbs5x.jpeg|https://rosasidan.ws/media/uploads/4/5/9/8/43472/t_rosasidan_y4forme-halmstad-profile-bnjgjcp7.jpg,19,2025-03-17 19:48:44
https://rosasidan.ws/ads/details/213484-Knulla-en-kt-transa/,,,https://rosasidan.ws/media/uploads/6/3/1/3/96894/t_picture_96894rg9u4okvanxu66t32bcbdt.jpeg|https://rosasidan.ws/media/uploads/0/9/9/6/8253/t_picture_8253rm9bqybkttqu1vq63zy139t.jpeg|https://rosasidan.ws/media/uploads/3/0/0/4/148218/t_picture_148218hs3oby2jorp5fspqd1uumx.jpg|https://rosasidan.ws/media/uploads/6/9/5/5/131289/t_picture_1312894go7b217dt3bhsxh2o5sju.jpg|https://rosasidan.ws/media/uploads/1/2/1/1/1647/t_picture_1647rf139u7pjmc3ukxp9sm4jd4.jpeg|https://rosasidan.ws/media/uploads/9/0/5/7/144746/t_picture_1447469g5knjy1pkzyx7ecpkv5r2.jpg|https://rosasidan.ws/media/uploads/0/2/8/9/1380/t_picture_1380hvjhfpxbbzcudfmjke7ftnd.jpeg|https://rosasidan.ws/media/uploads/6/9/5/5/131289/t_picture_1312894go7b217dt3bhsxh2o5sju.jpg|https://rosasidan.ws/media/uploads/2/5/9/1/157600/t_picture_157600rvjj2md9evomeke6hj8cj.jpeg|https://rosasidan.ws/media/uploads/3/0/0/4/148218/t_picture_148218hs3oby2jorp5fspqd1uumx.jpg|https://rosasidan.ws/media/uploads/9/0/5/7/144746/t_picture_144746s67fr39rs4kj1tynuad5za.jpg|https://rosasidan.ws/media/uploads/9/6/1/0/153849/t_picture_153849mqnxhcdjenqqrvd3gff4nz.jpg|https://rosasidan.ws/media/uploads/4/1/6/4/877/t_picture_877zofps6j4m5hpmuc8a7vh9uvy9.jpg|https://rosasidan.ws/media/uploads/1/4/7/2/143205/t_picture_143205o6bvf2rqyoq9acztqanmup.png|https://rosasidan.ws/media/uploads/3/1/7/7/101171/t_picture_101171srcyc1turr263e7dkjg9d.jpeg|https://rosasidan.ws/media/uploads/8/1/9/2/156181/t_rosasidan_SwedishTransGirl-stockholm-profile-bn2cxqdm.jpeg|https://rosasidan.ws/media/uploads/8/1/9/2/156181/t_picture_1561812x2sfa5t55nqpbepr6qfob.jpg|https://rosasidan.ws/media/uploads/8/1/9/2/156181/t_picture_156181omrhjht1eo5q991rrtfk7.jpeg|https://rosasidan.ws/media/uploads/8/1/9/2/156181/t_picture_156181urs6vonh2upzz5c1boz935.jpg|https://rosasidan.ws/media/uploads/8/1/9/2/156181/t_picture_156181fypyrkk1xdv7pjhk5vmcu.jpeg|https://rosasidan.ws/media/uploads/8/1/9/2/156181/t_picture_156181p4rjbaexq29vj9c4433pv.jpeg|https://rosasidan.ws/media/uploads/8/1/9/2/156181/t_picture_156181yv1nqe6e5gj5tqqbctjs1.jpeg|https://rosasidan.ws/media/uploads/8/1/9/2/156181/t_picture_156181zrxazyczt2s418yg52f2q.jpeg|https://rosasidan.ws/media/uploads/8/1/9/2/156181/t_picture_1561813rpyd29xf4g18s66ssst1.jpeg|https://rosasidan.ws/media/uploads/4/5/9/8/43472/t_rosasidan_y4forme-halmstad-profile-bnjgjcp7.jpg,25,2025-03-17 19:48:45
https://rosasidan.ws/ads/details/180531-En-het-smal-milf-som-du-kan-lita-p-jag-r-diskret-tillgnglig-och-kt/,,,https://rosasidan.ws/media/uploads/0/9/5/6/93440/t_picture_93440j1qq1oq5vk6v9sxmonbs6ae.png|https://rosasidan.ws/media/uploads/6/3/1/3/96894/t_picture_96894rg9u4okvanxu66t32bcbdt.jpeg|https://rosasidan.ws/media/uploads/3/0/0/4/148218/t_picture_148218hs3oby2jorp5fspqd1uumx.jpg|https://rosasidan.ws/media/uploads/6/9/5/5/131289/t_picture_1312894go7b217dt3bhsxh2o5sju.jpg|https://rosasidan.ws/media/uploads/0/9/9/6/8253/t_picture_8253rm9bqybkttqu1vq63zy139t.jpeg|https://rosasidan.ws/media/uploads/9/0/5/7/144746/t_picture_1447469g5knjy1pkzyx7ecpkv5r2.jpg|https://rosasidan.ws/media/uploads/0/2/8/9/1380/t_picture_1380hvjhfpxbbzcudfmjke7ftnd.jpeg|https://rosasidan.ws/media/uploads/6/9/5/5/131289/t_picture_1312894go7b217dt3bhsxh2o5sju.jpg|https://rosasidan.ws/media/uploads/2/5/9/1/157600/t_picture_157600rvjj2md9evomeke6hj8cj.jpeg|https://rosasidan.ws/media/uploads/3/0/0/4/148218/t_picture_148218hs3oby2jorp5fspqd1uumx.jpg|https://rosasidan.ws/media/uploads/9/0/5/7/144746/t_picture_144746s67fr39rs4kj1tynuad5za.jpg|https://rosasidan.ws/media/uploads/9/6/1/0/153849/t_picture_153849mqnxhcdjenqqrvd3gff4nz.jpg|https://rosasidan.ws/media/uploads/4/1/6/4/877/t_picture_877zofps6j4m5hpmuc8a7vh9uvy9.jpg|https://rosasidan.ws/media/uploads/1/4/7/2/143205/t_picture_143205o6bvf2rqyoq9acztqanmup.png|https://rosasidan.ws/media/uploads/3/1/7/7/101171/t_picture_101171srcyc1turr263e7dkjg9d.jpeg|https://rosasidan.ws/media/uploads/7/6/3/6/32132/t_rosasidan_wanja-stockholm-profile-45v3m5sx.jpg|https://rosasidan.ws/media/uploads/7/6/3/6/32132/t_picture_32132zje9d2ytgymqpsqbe2vm7j8.jpg|https://rosasidan.ws/media/uploads/7/6/3/6/32132/t_picture_32132fckd91tf55r8s3cysefg1mj.jpg|https://rosasidan.ws/media/uploads/7/6/3/6/32132/t_picture_3213265bdsssxnrdepa2p3mzvzz1.jpg|https://rosasidan.ws/media/uploads/7/6/3/6/32132/t_picture_321326uk9rhdm9d5ecx6p6sc8jxn.jpg|https://rosasidan.ws/media/uploads/7/6/3/6/32132/t_picture_32132xgobqssje3db59y83b8voag.jpg|https://rosasidan.ws/media/uploads/7/6/3/6/32132/t_picture_32132p9qhjeh2zuk6qaxcentb843.jpg|https://rosasidan.ws/media/uploads/7/6/3/6/32132/t_picture_32132q7s1r9vkfut4b2aee6vjspr.jpg|https://rosasidan.ws/media/uploads/7/6/3/6/32132/t_picture_321323an1cn3jk5kbacuq3qp5bpm.jpg|https://rosasidan.ws/media/uploads/7/6/3/6/32132/t_picture_321323roudyhxe7qo63g8b87zcz1.jpg|https://rosasidan.ws/media/uploads/7/6/3/6/32132/t_picture_32132tuy1vjdu3euz4djyr1oy537.jpg|https://rosasidan.ws/media/uploads/7/6/3/6/32132/t_picture_32132d4g1b1zsk9hfy4768udsp4b.jpg|https://rosasidan.ws/media/uploads/7/6/3/6/32132/t_picture_32132jz9mxjz4jphqngp749gckuk.jpg|https://rosasidan.ws/media/uploads/7/6/3/6/32132/t_picture_321324erf9rzb4jd8qtnooznn7u6.jpg|https://rosasidan.ws/media/uploads/4/5/9/8/43472/t_rosasidan_y4forme-halmstad-profile-bnjgjcp7.jpg,30,2025-03-17 19:48:47
https://rosasidan.ws/ads/details/205654-Sugarbaby1/,,,https://rosasidan.ws/media/uploads/6/3/1/3/96894/t_picture_96894rg9u4okvanxu66t32bcbdt.jpeg|https://rosasidan.ws/media/uploads/0/9/5/6/93440/t_picture_93440j1qq1oq5vk6v9sxmonbs6ae.png|https://rosasidan.ws/media/uploads/3/0/0/4/148218/t_picture_148218hs3oby2jorp5fspqd1uumx.jpg|https://rosasidan.ws/media/uploads/6/9/5/5/131289/t_picture_1312894go7b217dt3bhsxh2o5sju.jpg|https://rosasidan.ws/media/uploads/0/9/9/6/8253/t_picture_8253rm9bqybkttqu1vq63zy139t.jpeg|https://rosasidan.ws/media/uploads/9/0/5/7/144746/t_picture_1447469g5knjy1pkzyx7ecpkv5r2.jpg|https://rosasidan.ws/media/uploads/0/2/8/9/1380/t_picture_1380hvjhfpxbbzcudfmjke7ftnd.jpeg|https://rosasidan.ws/media/uploads/6/9/5/5/131289/t_picture_1312894go7b217dt3bhsxh2o5sju.jpg|https://rosasidan.ws/media/uploads/2/5/9/1/157600/t_picture_157600rvjj2md9evomeke6hj8cj.jpeg|https://rosasidan.ws/media/uploads/3/0/0/4/148218/t_picture_148218hs3oby2jorp5fspqd1uumx.jpg|https://rosasidan.ws/media/uploads/9/0/5/7/144746/t_picture_144746s67fr39rs4kj1tynuad5za.jpg|https://rosasidan.ws/media/uploads/9/6/1/0/153849/t_picture_153849mqnxhcdjenqqrvd3gff4nz.jpg|https://rosasidan.ws/media/uploads/4/1/6/4/877/t_picture_877zofps6j4m5hpmuc8a7vh9uvy9.jpg|https://rosasidan.ws/media/uploads/1/4/7/2/143205/t_picture_143205o6bvf2rqyoq9acztqanmup.png|https://rosasidan.ws/media/uploads/3/1/7/7/101171/t_picture_101171srcyc1turr263e7dkjg9d.jpeg|https://rosasidan.ws/media/uploads/3/4/3/2/139169/t_rosasidan_Alexandra1800-halmstad-profile-vhe9vaa4.jpeg|https://rosasidan.ws/media/uploads/smiley_wink.png|https://rosasidan.ws/media/uploads/3/4/3/2/139169/t_picture_139169s4gux3gysg1x95mehd7bx.jpeg|https://rosasidan.ws/media/uploads/4/5/9/8/43472/t_rosasidan_y4forme-halmstad-profile-bnjgjcp7.jpg,19,2025-03-17 19:48:49
https://rosasidan.ws/ads/details/215756-Njut-av-mina-videos-/,,,https://rosasidan.ws/media/uploads/6/3/1/3/96894/t_picture_96894rg9u4okvanxu66t32bcbdt.jpeg|https://rosasidan.ws/media/uploads/0/9/5/6/93440/t_picture_93440j1qq1oq5vk6v9sxmonbs6ae.png|https://rosasidan.ws/media/uploads/1/2/1/1/1647/t_picture_1647rf139u7pjmc3ukxp9sm4jd4.jpeg|https://rosasidan.ws/media/uploads/0/9/9/6/8253/t_picture_8253rm9bqybkttqu1vq63zy139t.jpeg|https://rosasidan.ws/media/uploads/6/9/5/5/131289/t_picture_1312894go7b217dt3bhsxh2o5sju.jpg|https://rosasidan.ws/media/uploads/9/0/5/7/144746/t_picture_1447469g5knjy1pkzyx7ecpkv5r2.jpg|https://rosasidan.ws/media/uploads/0/2/8/9/1380/t_picture_1380hvjhfpxbbzcudfmjke7ftnd.jpeg|https://rosasidan.ws/media/uploads/6/9/5/5/131289/t_picture_1312894go7b217dt3bhsxh2o5sju.jpg|https://rosasidan.ws/media/uploads/2/5/9/1/157600/t_picture_157600rvjj2md9evomeke6hj8cj.jpeg|https://rosasidan.ws/media/uploads/3/0/0/4/148218/t_picture_148218hs3oby2jorp5fspqd1uumx.jpg|https://rosasidan.ws/media/uploads/9/0/5/7/144746/t_picture_144746s67fr39rs4kj1tynuad5za.jpg|https://rosasidan.ws/media/uploads/9/6/1/0/153849/t_picture_153849mqnxhcdjenqqrvd3gff4nz.jpg|https://rosasidan.ws/media/uploads/4/1/6/4/877/t_picture_877zofps6j4m5hpmuc8a7vh9uvy9.jpg|https://rosasidan.ws/media/uploads/1/4/7/2/143205/t_picture_143205o6bvf2rqyoq9acztqanmup.png|https://rosasidan.ws/media/uploads/3/1/7/7/101171/t_picture_101171srcyc1turr263e7dkjg9d.jpeg|https://rosasidan.ws/media/uploads/3/0/0/4/148218/t_picture_1482185grtty2uuguxr79n99d55o.jpg|https://rosasidan.ws/media/uploads/3/0/0/4/148218/t_picture_148218r9nvyb8q5co9sb1ka9zxq5.jpg|https://rosasidan.ws/media/uploads/3/0/0/4/148218/t_picture_148218fcz9h9ba4vjse6ake37vm3.jpg|https://rosasidan.ws/media/uploads/3/0/0/4/148218/t_picture_1482188oat76c98bvcbheh1uc7o7.jpg|https://rosasidan.ws/media/uploads/3/0/0/4/148218/t_picture_148218hs3oby2jorp5fspqd1uumx.jpg|https://rosasidan.ws/media/uploads/3/0/0/4/148218/t_picture_148218ct4sotkkvq9ryjjbarcupv.jpg|https://rosasidan.ws/media/uploads/4/5/9/8/43472/t_rosasidan_y4forme-halmstad-profile-bnjgjcp7.jpg,22,2025-03-17 19:48:51
https://rosasidan.ws/ads/details/215808-Telefon-sex/,,,https://rosasidan.ws/media/uploads/3/0/0/4/148218/t_picture_148218hs3oby2jorp5fspqd1uumx.jpg|https://rosasidan.ws/media/uploads/6/9/5/5/131289/t_picture_1312894go7b217dt3bhsxh2o5sju.jpg|https://rosasidan.ws/media/uploads/6/3/1/3/96894/t_picture_96894rg9u4okvanxu66t32bcbdt.jpeg|https://rosasidan.ws/media/uploads/1/2/1/1/1647/t_picture_1647rf139u7pjmc3ukxp9sm4jd4.jpeg|https://rosasidan.ws/media/uploads/0/9/5/6/93440/t_picture_93440j1qq1oq5vk6v9sxmonbs6ae.png|https://rosasidan.ws/media/uploads/9/0/5/7/144746/t_picture_1447469g5knjy1pkzyx7ecpkv5r2.jpg|https://rosasidan.ws/media/uploads/0/2/8/9/1380/t_picture_1380hvjhfpxbbzcudfmjke7ftnd.jpeg|https://rosasidan.ws/media/uploads/6/9/5/5/131289/t_picture_1312894go7b217dt3bhsxh2o5sju.jpg|https://rosasidan.ws/media/uploads/2/5/9/1/157600/t_picture_157600rvjj2md9evomeke6hj8cj.jpeg|https://rosasidan.ws/media/uploads/3/0/0/4/148218/t_picture_148218hs3oby2jorp5fspqd1uumx.jpg|https://rosasidan.ws/media/uploads/9/0/5/7/144746/t_picture_144746s67fr39rs4kj1tynuad5za.jpg|https://rosasidan.ws/media/uploads/9/6/1/0/153849/t_picture_153849mqnxhcdjenqqrvd3gff4nz.jpg|https://rosasidan.ws/media/uploads/4/1/6/4/877/t_picture_877zofps6j4m5hpmuc8a7vh9uvy9.jpg|https://rosasidan.ws/media/uploads/1/4/7/2/143205/t_picture_143205o6bvf2rqyoq9acztqanmup.png|https://rosasidan.ws/media/uploads/3/1/7/7/101171/t_picture_101171srcyc1turr263e7dkjg9d.jpeg|https://rosasidan.ws/media/uploads/5/2/3/5/150401/t_picture_0p2ujmt8htsntvhmvgb5u3fddv7h.jpg|https://rosasidan.ws/media/uploads/4/5/9/8/43472/t_rosasidan_y4forme-halmstad-profile-bnjgjcp7.jpg,17,2025-03-17 19:48:52
https://rosasidan.ws/ads/details/203323-Ladyboy-experience/,,,https://rosasidan.ws/media/uploads/3/0/0/4/148218/t_picture_148218hs3oby2jorp5fspqd1uumx.jpg|https://rosasidan.ws/media/uploads/0/9/9/6/8253/t_picture_8253rm9bqybkttqu1vq63zy139t.jpeg|https://rosasidan.ws/media/uploads/6/3/1/3/96894/t_picture_96894rg9u4okvanxu66t32bcbdt.jpeg|https://rosasidan.ws/media/uploads/0/9/5/6/93440/t_picture_93440j1qq1oq5vk6v9sxmonbs6ae.png|https://rosasidan.ws/media/uploads/1/2/1/1/1647/t_picture_1647rf139u7pjmc3ukxp9sm4jd4.jpeg|https://rosasidan.ws/media/uploads/9/0/5/7/144746/t_picture_1447469g5knjy1pkzyx7ecpkv5r2.jpg|https://rosasidan.ws/media/uploads/0/2/8/9/1380/t_picture_1380hvjhfpxbbzcudfmjke7ftnd.jpeg|https://rosasidan.ws/media/uploads/6/9/5/5/131289/t_picture_1312894go7b217dt3bhsxh2o5sju.jpg|https://rosasidan.ws/media/uploads/2/5/9/1/157600/t_picture_157600rvjj2md9evomeke6hj8cj.jpeg|https://rosasidan.ws/media/uploads/3/0/0/4/148218/t_picture_148218hs3oby2jorp5fspqd1uumx.jpg|https://rosasidan.ws/media/uploads/9/0/5/7/144746/t_picture_144746s67fr39rs4kj1tynuad5za.jpg|https://rosasidan.ws/media/uploads/9/6/1/0/153849/t_picture_153849mqnxhcdjenqqrvd3gff4nz.jpg|https://rosasidan.ws/media/uploads/4/1/6/4/877/t_picture_877zofps6j4m5hpmuc8a7vh9uvy9.jpg|https://rosasidan.ws/media/uploads/1/4/7/2/143205/t_picture_143205o6bvf2rqyoq9acztqanmup.png|https://rosasidan.ws/media/uploads/3/1/7/7/101171/t_picture_101171srcyc1turr263e7dkjg9d.jpeg|https://rosasidan.ws/media/uploads/3/6/8/0/135658/t_rosasidan_Toosie_trans-stockholm-profile-mtgnr9h3.jpeg|https://rosasidan.ws/media/uploads/3/6/8/0/135658/t_picture_135658a9pojd1ob2fmq4sm7byv4.jpeg|https://rosasidan.ws/media/uploads/3/6/8/0/135658/t_picture_135658zdzsn6xnesorf9z5y471x.jpeg|https://rosasidan.ws/media/uploads/3/6/8/0/135658/t_picture_135658ysg26vgs81vjkteuc5ncu.jpeg|https://rosasidan.ws/media/uploads/3/6/8/0/135658/t_picture_1356581vmby4hhfttc55cx39qqc.jpeg|https://rosasidan.ws/media/uploads/3/6/8/0/135658/t_picture_135658kvx187292p4es5kknov4m.jpeg|https://rosasidan.ws/media/uploads/3/6/8/0/135658/t_picture_135658gt5ofoxt21pyr97s9dm9n.jpeg|https://rosasidan.ws/media/uploads/3/6/8/0/135658/t_picture_135658szvaocpdv7fvk3tdvk6ch.jpeg|https://rosasidan.ws/media/uploads/3/6/8/0/135658/t_picture_135658xne4hout2nm78z3yd7b8j.jpeg|https://rosasidan.ws/media/uploads/3/6/8/0/135658/t_picture_135658ca7r5zquj5anzckmsx4d8.jpeg|https://rosasidan.ws/media/uploads/4/5/9/8/43472/t_rosasidan_y4forme-halmstad-profile-bnjgjcp7.jpg,26,2025-03-17 19:48:54
https://rosasidan.ws/ads/details/192816-Camshow-och-sexchatt-/,,,https://rosasidan.ws/media/uploads/6/3/1/3/96894/t_picture_96894rg9u4okvanxu66t32bcbdt.jpeg|https://rosasidan.ws/media/uploads/0/9/9/6/8253/t_picture_8253rm9bqybkttqu1vq63zy139t.jpeg|https://rosasidan.ws/media/uploads/0/9/5/6/93440/t_picture_93440j1qq1oq5vk6v9sxmonbs6ae.png|https://rosasidan.ws/media/uploads/1/2/1/1/1647/t_picture_1647rf139u7pjmc3ukxp9sm4jd4.jpeg|https://rosasidan.ws/media/uploads/6/9/5/5/131289/t_picture_1312894go7b217dt3bhsxh2o5sju.jpg|https://rosasidan.ws/media/uploads/9/0/5/7/144746/t_picture_1447469g5knjy1pkzyx7ecpkv5r2.jpg|https://rosasidan.ws/media/uploads/0/2/8/9/1380/t_picture_1380hvjhfpxbbzcudfmjke7ftnd.jpeg|https://rosasidan.ws/media/uploads/6/9/5/5/131289/t_picture_1312894go7b217dt3bhsxh2o5sju.jpg|https://rosasidan.ws/media/uploads/2/5/9/1/157600/t_picture_157600rvjj2md9evomeke6hj8cj.jpeg|https://rosasidan.ws/media/uploads/3/0/0/4/148218/t_picture_148218hs3oby2jorp5fspqd1uumx.jpg|https://rosasidan.ws/media/uploads/9/0/5/7/144746/t_picture_144746s67fr39rs4kj1tynuad5za.jpg|https://rosasidan.ws/media/uploads/9/6/1/0/153849/t_picture_153849mqnxhcdjenqqrvd3gff4nz.jpg|https://rosasidan.ws/media/uploads/4/1/6/4/877/t_picture_877zofps6j4m5hpmuc8a7vh9uvy9.jpg|https://rosasidan.ws/media/uploads/1/4/7/2/143205/t_picture_143205o6bvf2rqyoq9acztqanmup.png|https://rosasidan.ws/media/uploads/3/1/7/7/101171/t_picture_101171srcyc1turr263e7dkjg9d.jpeg|https://rosasidan.ws/media/uploads/2/1/5/4/141300/t_rosasidan_suss-lund-profile-mtdc9327.jpeg|https://rosasidan.ws/media/uploads/2/1/5/4/141300/t_picture_141300gs3552okst39ezfng3c66.jpeg|https://rosasidan.ws/media/uploads/2/1/5/4/141300/t_picture_141300b9hpp1hjqkb6zjjd4eacn.jpeg|https://rosasidan.ws/media/uploads/2/1/5/4/141300/t_picture_141300uke1mqrdrq9khydkebe8z.jpeg|https://rosasidan.ws/media/uploads/2/1/5/4/141300/t_picture_141300atr874jjdobmm61hhyypd.jpeg|https://rosasidan.ws/media/uploads/2/1/5/4/141300/t_picture_1413002p872s7xk5f77vqkd2okm.jpeg|https://rosasidan.ws/media/uploads/2/1/5/4/141300/t_picture_141300cn8o1sn11976aneb8krhs.jpeg|https://rosasidan.ws/media/uploads/4/5/9/8/43472/t_rosasidan_y4forme-halmstad-profile-bnjgjcp7.jpg,23,2025-03-17 19:48:56
https://rosasidan.ws/ads/details/212967-Camshow-live-chat-med-bilder/,,,https://rosasidan.ws/media/uploads/6/3/1/3/96894/t_picture_96894rg9u4okvanxu66t32bcbdt.jpeg|https://rosasidan.ws/media/uploads/1/2/1/1/1647/t_picture_1647rf139u7pjmc3ukxp9sm4jd4.jpeg|https://rosasidan.ws/media/uploads/6/9/5/5/131289/t_picture_1312894go7b217dt3bhsxh2o5sju.jpg|https://rosasidan.ws/media/uploads/0/9/9/6/8253/t_picture_8253rm9bqybkttqu1vq63zy139t.jpeg|https://rosasidan.ws/media/uploads/0/9/5/6/93440/t_picture_93440j1qq1oq5vk6v9sxmonbs6ae.png|https://rosasidan.ws/media/uploads/9/0/5/7/144746/t_picture_1447469g5knjy1pkzyx7ecpkv5r2.jpg|https://rosasidan.ws/media/uploads/0/2/8/9/1380/t_picture_1380hvjhfpxbbzcudfmjke7ftnd.jpeg|https://rosasidan.ws/media/uploads/6/9/5/5/131289/t_picture_1312894go7b217dt3bhsxh2o5sju.jpg|https://rosasidan.ws/media/uploads/2/5/9/1/157600/t_picture_157600rvjj2md9evomeke6hj8cj.jpeg|https://rosasidan.ws/media/uploads/3/0/0/4/148218/t_picture_148218hs3oby2jorp5fspqd1uumx.jpg|https://rosasidan.ws/media/uploads/9/0/5/7/144746/t_picture_144746s67fr39rs4kj1tynuad5za.jpg|https://rosasidan.ws/media/uploads/9/6/1/0/153849/t_picture_153849mqnxhcdjenqqrvd3gff4nz.jpg|https://rosasidan.ws/media/uploads/4/1/6/4/877/t_picture_877zofps6j4m5hpmuc8a7vh9uvy9.jpg|https://rosasidan.ws/media/uploads/1/4/7/2/143205/t_picture_143205o6bvf2rqyoq9acztqanmup.png|https://rosasidan.ws/media/uploads/3/1/7/7/101171/t_picture_101171srcyc1turr263e7dkjg9d.jpeg|https://rosasidan.ws/media/uploads/4/9/1/1/92340/t_rosasidan_ElsaSnow-valencia-profile-v8mos9g5.jpg|https://rosasidan.ws/media/uploads/4/9/1/1/92340/t_picture_92340fyracxaz91xvb742x5yeuse.jpg|https://rosasidan.ws/media/uploads/4/9/1/1/92340/t_picture_92340tmtfm5h5pdgbp8qohksax2d.jpg|https://rosasidan.ws/media/uploads/4/9/1/1/92340/t_picture_92340nd7eadhxoc68bysk8xzp8n.jpeg|https://rosasidan.ws/media/uploads/4/9/1/1/92340/t_picture_92340ujfe6h9u8xu8d11d2hataoc.jpg|https://rosasidan.ws/media/uploads/4/9/1/1/92340/t_picture_92340avjfm18hegmjzvejqxs3uxs.jpg|https://rosasidan.ws/media/uploads/4/9/1/1/92340/t_picture_92340um6k75en85mdxxc1c6y61ny.jpg|https://rosasidan.ws/media/uploads/4/9/1/1/92340/t_picture_923407bsbqzqvbz7jpe9ybcdhzv.jpeg|https://rosasidan.ws/media/uploads/4/9/1/1/92340/t_picture_923406xovrs1qeb1q81bgzy8syaq.jpg|https://rosasidan.ws/media/uploads/4/9/1/1/92340/t_picture_9234049bz958an88bamfdcsnzj7k.jpg|https://rosasidan.ws/media/uploads/4/5/9/8/43472/t_rosasidan_y4forme-halmstad-profile-bnjgjcp7.jpg,26,2025-03-17 19:48:58
https://rosasidan.ws/ads/details/215801-Ktis/,,,https://rosasidan.ws/media/uploads/6/9/5/5/131289/t_picture_1312894go7b217dt3bhsxh2o5sju.jpg|https://rosasidan.ws/media/uploads/0/9/5/6/93440/t_picture_93440j1qq1oq5vk6v9sxmonbs6ae.png|https://rosasidan.ws/media/uploads/3/0/0/4/148218/t_picture_148218hs3oby2jorp5fspqd1uumx.jpg|https://rosasidan.ws/media/uploads/1/2/1/1/1647/t_picture_1647rf139u7pjmc3ukxp9sm4jd4.jpeg|https://rosasidan.ws/media/uploads/6/3/1/3/96894/t_picture_96894rg9u4okvanxu66t32bcbdt.jpeg|https://rosasidan.ws/media/uploads/9/0/5/7/144746/t_picture_1447469g5knjy1pkzyx7ecpkv5r2.jpg|https://rosasidan.ws/media/uploads/0/2/8/9/1380/t_picture_1380hvjhfpxbbzcudfmjke7ftnd.jpeg|https://rosasidan.ws/media/uploads/6/9/5/5/131289/t_picture_1312894go7b217dt3bhsxh2o5sju.jpg|https://rosasidan.ws/media/uploads/2/5/9/1/157600/t_picture_157600rvjj2md9evomeke6hj8cj.jpeg|https://rosasidan.ws/media/uploads/3/0/0/4/148218/t_picture_148218hs3oby2jorp5fspqd1uumx.jpg|https://rosasidan.ws/media/uploads/9/0/5/7/144746/t_picture_144746s67fr39rs4kj1tynuad5za.jpg|https://rosasidan.ws/media/uploads/9/6/1/0/153849/t_picture_153849mqnxhcdjenqqrvd3gff4nz.jpg|https://rosasidan.ws/media/uploads/4/1/6/4/877/t_picture_877zofps6j4m5hpmuc8a7vh9uvy9.jpg|https://rosasidan.ws/media/uploads/1/4/7/2/143205/t_picture_143205o6bvf2rqyoq9acztqanmup.png|https://rosasidan.ws/media/uploads/3/1/7/7/101171/t_picture_101171srcyc1turr263e7dkjg9d.jpeg|https://rosasidan.ws/media/uploads/9/0/4/6/82411/t_picture_82411tvjfeh1t64v2pkbdjd7tveb.jpg|https://rosasidan.ws/media/uploads/4/5/9/8/43472/t_rosasidan_y4forme-halmstad-profile-bnjgjcp7.jpg,17,2025-03-17 19:48:59
https://rosasidan.ws/ads/details/202336-Trffas-mndag-gbgs-goaste-lilla-transtjej-tillgnglig-under-mndagen-nya-heta-filme/,,,https://rosasidan.ws/media/uploads/1/2/1/1/1647/t_picture_1647rf139u7pjmc3ukxp9sm4jd4.jpeg|https://rosasidan.ws/media/uploads/0/9/9/6/8253/t_picture_8253rm9bqybkttqu1vq63zy139t.jpeg|https://rosasidan.ws/media/uploads/3/0/0/4/148218/t_picture_148218hs3oby2jorp5fspqd1uumx.jpg|https://rosasidan.ws/media/uploads/6/3/1/3/96894/t_picture_96894rg9u4okvanxu66t32bcbdt.jpeg|https://rosasidan.ws/media/uploads/0/9/5/6/93440/t_picture_93440j1qq1oq5vk6v9sxmonbs6ae.png|https://rosasidan.ws/media/uploads/9/0/5/7/144746/t_picture_1447469g5knjy1pkzyx7ecpkv5r2.jpg|https://rosasidan.ws/media/uploads/0/2/8/9/1380/t_picture_1380hvjhfpxbbzcudfmjke7ftnd.jpeg|https://rosasidan.ws/media/uploads/6/9/5/5/131289/t_picture_1312894go7b217dt3bhsxh2o5sju.jpg|https://rosasidan.ws/media/uploads/2/5/9/1/157600/t_picture_157600rvjj2md9evomeke6hj8cj.jpeg|https://rosasidan.ws/media/uploads/3/0/0/4/148218/t_picture_148218hs3oby2jorp5fspqd1uumx.jpg|https://rosasidan.ws/media/uploads/9/0/5/7/144746/t_picture_144746s67fr39rs4kj1tynuad5za.jpg|https://rosasidan.ws/media/uploads/9/6/1/0/153849/t_picture_153849mqnxhcdjenqqrvd3gff4nz.jpg|https://rosasidan.ws/media/uploads/4/1/6/4/877/t_picture_877zofps6j4m5hpmuc8a7vh9uvy9.jpg|https://rosasidan.ws/media/uploads/1/4/7/2/143205/t_picture_143205o6bvf2rqyoq9acztqanmup.png|https://rosasidan.ws/media/uploads/3/1/7/7/101171/t_picture_101171srcyc1turr263e7dkjg9d.jpeg|https://rosasidan.ws/media/uploads/1/2/1/1/1647/t_picture_1647g1v5z3esnosskrvevgryud6.jpeg|https://rosasidan.ws/media/uploads/1/2/1/1/1647/t_picture_1647at5vo7gcxyggb4kns6krgj4.jpeg|https://rosasidan.ws/media/uploads/1/2/1/1/1647/t_picture_1647sdqzxr5rafm4pvsd11z9dko.jpeg|https://rosasidan.ws/media/uploads/1/2/1/1/1647/t_picture_16476afmxhbscrhqcdbqt94eaqp.jpeg|https://rosasidan.ws/media/uploads/1/2/1/1/1647/t_picture_16473aqc9xo34yy6c34z4313bz7.jpeg|https://rosasidan.ws/media/uploads/1/2/1/1/1647/t_picture_1647mv3jom72eub8su2pqhfbmbe.jpeg|https://rosasidan.ws/media/uploads/1/2/1/1/1647/t_picture_16477949upofvd6d3rd78vyoex9.jpeg|https://rosasidan.ws/media/uploads/1/2/1/1/1647/t_picture_1647zkm6s8hra68g8vgkskn4vob.jpeg|https://rosasidan.ws/media/uploads/1/2/1/1/1647/t_picture_1647q79jyfhvj9saaspg3fzr6kh.jpeg|https://rosasidan.ws/media/uploads/1/2/1/1/1647/t_picture_1647s66ykxcvtjkoeuepyuyy4hr.jpeg|https://rosasidan.ws/media/uploads/1/2/1/1/1647/t_picture_1647kjzvupuy9vogbnfn4g8kvq8.jpeg|https://rosasidan.ws/media/uploads/1/2/1/1/1647/t_picture_1647f6e9fafkr4zfgsn4a5ch6rv.jpeg|https://rosasidan.ws/media/uploads/1/2/1/1/1647/t_picture_1647ckzsr9j84zryosndrnr8gcd.jpeg|https://rosasidan.ws/media/uploads/1/2/1/1/1647/t_picture_16479a6h643kytr5nyfu7pvx6c5.jpeg|https://rosasidan.ws/media/uploads/1/2/1/1/1647/t_picture_1647eza7vocnm82e1suemo4e9sz.jpeg|https://rosasidan.ws/media/uploads/1/2/1/1/1647/t_picture_1647okrjboah59e2ch8s57kftf5.jpeg|https://rosasidan.ws/media/uploads/1/2/1/1/1647/t_picture_16473244c3qj5638o6v5jbckjfq.jpeg|https://rosasidan.ws/media/uploads/1/2/1/1/1647/t_picture_1647usz3qhug92omro5b1dqyq64.jpeg|https://rosasidan.ws/media/uploads/1/2/1/1/1647/t_picture_1647j6x6zmna3qcc9num4kfcgyy.jpeg|https://rosasidan.ws/media/uploads/1/2/1/1/1647/t_picture_164734jucvy7xmhzdvzph7m2p3d.jpeg|https://rosasidan.ws/media/uploads/1/2/1/1/1647/t_picture_1647zqym9dpdusap8p9kyqx9hc4.jpeg|https://rosasidan.ws/media/uploads/1/2/1/1/1647/t_picture_16475cjnnckfsnbk7jpekejonu1.jpeg|https://rosasidan.ws/media/uploads/1/2/1/1/1647/t_picture_1647a3h2kp553qspdh9bu1cg369.jpeg|https://rosasidan.ws/media/uploads/1/2/1/1/1647/t_picture_1647mqpg3po922mzfn3vfefkqdf.jpeg|https://rosasidan.ws/media/uploads/4/5/9/8/43472/t_rosasidan_y4forme-halmstad-profile-bnjgjcp7.jpg,40,2025-03-17 19:49:01
https://rosasidan.ws/ads/details/196032/,,,https://rosasidan.ws/media/uploads/0/9/9/6/8253/t_picture_8253rm9bqybkttqu1vq63zy139t.jpeg|https://rosasidan.ws/media/uploads/1/2/1/1/1647/t_picture_1647rf139u7pjmc3ukxp9sm4jd4.jpeg|https://rosasidan.ws/media/uploads/6/9/5/5/131289/t_picture_1312894go7b217dt3bhsxh2o5sju.jpg|https://rosasidan.ws/media/uploads/0/9/5/6/93440/t_picture_93440j1qq1oq5vk6v9sxmonbs6ae.png|https://rosasidan.ws/media/uploads/3/0/0/4/148218/t_picture_148218hs3oby2jorp5fspqd1uumx.jpg|https://rosasidan.ws/media/uploads/9/0/5/7/144746/t_picture_1447469g5knjy1pkzyx7ecpkv5r2.jpg|https://rosasidan.ws/media/uploads/0/2/8/9/1380/t_picture_1380hvjhfpxbbzcudfmjke7ftnd.jpeg|https://rosasidan.ws/media/uploads/6/9/5/5/131289/t_picture_1312894go7b217dt3bhsxh2o5sju.jpg|https://rosasidan.ws/media/uploads/2/5/9/1/157600/t_picture_157600rvjj2md9evomeke6hj8cj.jpeg|https://rosasidan.ws/media/uploads/3/0/0/4/148218/t_picture_148218hs3oby2jorp5fspqd1uumx.jpg|https://rosasidan.ws/media/uploads/9/0/5/7/144746/t_picture_144746s67fr39rs4kj1tynuad5za.jpg|https://rosasidan.ws/media/uploads/9/6/1/0/153849/t_picture_153849mqnxhcdjenqqrvd3gff4nz.jpg|https://rosasidan.ws/media/uploads/4/1/6/4/877/t_picture_877zofps6j4m5hpmuc8a7vh9uvy9.jpg|https://rosasidan.ws/media/uploads/1/4/7/2/143205/t_picture_143205o6bvf2rqyoq9acztqanmup.png|https://rosasidan.ws/media/uploads/3/1/7/7/101171/t_picture_101171srcyc1turr263e7dkjg9d.jpeg|https://rosasidan.ws/media/uploads/0/0/9/7/34322/t_rosasidan_Arwen-gavle-profile-2p574b11.jpg|https://rosasidan.ws/media/uploads/0/0/9/7/34322/t_picture_34322mgq2uuj3zezygcxa1kd5spp.jpg|https://rosasidan.ws/media/uploads/0/0/9/7/34322/t_picture_343227vcrshqg75qkydocy8u246o.jpg|https://rosasidan.ws/media/uploads/0/0/9/7/34322/t_picture_34322e72eqy4o4yn2smuzrusp9zf.jpg|https://rosasidan.ws/media/uploads/0/0/9/7/34322/t_picture_343228rj6et36vdhsshaqo37v2v8.jpg|https://rosasidan.ws/media/uploads/0/0/9/7/34322/t_picture_343227xbf1xa4dqp7z2peaf3rf69.jpg|https://rosasidan.ws/media/uploads/0/0/9/7/34322/t_picture_34322hf4gtjaddp4742eq3k8prr3.jpg|https://rosasidan.ws/media/uploads/0/0/9/7/34322/t_picture_3432224xzjmk5kume6z5x6nc81h8.jpg|https://rosasidan.ws/media/uploads/0/0/9/7/34322/t_picture_34322zgc344x9251duohpey4su9z.jpg|https://rosasidan.ws/media/uploads/0/0/9/7/34322/t_picture_343226uuqn75kffupmdu59todj2v.jpg|https://rosasidan.ws/media/uploads/0/0/9/7/34322/t_picture_34322jn1jj8pxc41hv4rgbc4hhyv.jpg|https://rosasidan.ws/media/uploads/0/0/9/7/34322/t_picture_343228nh8fj78fohf898acjtk5ub.jpg|https://rosasidan.ws/media/uploads/0/0/9/7/34322/t_picture_34322mya6dc392qkpg9esvboath8.jpg|https://rosasidan.ws/media/uploads/4/5/9/8/43472/t_rosasidan_y4forme-halmstad-profile-bnjgjcp7.jpg,29,2025-03-17 19:49:03
https://rosasidan.ws/ads/details/198123-Sexiga-videos-o-bilder-nytt-koncept-med-enbart-videos-finns-/,,,https://rosasidan.ws/media/uploads/0/9/9/6/8253/t_picture_8253rm9bqybkttqu1vq63zy139t.jpeg|https://rosasidan.ws/media/uploads/0/9/5/6/93440/t_picture_93440j1qq1oq5vk6v9sxmonbs6ae.png|https://rosasidan.ws/media/uploads/1/2/1/1/1647/t_picture_1647rf139u7pjmc3ukxp9sm4jd4.jpeg|https://rosasidan.ws/media/uploads/6/3/1/3/96894/t_picture_96894rg9u4okvanxu66t32bcbdt.jpeg|https://rosasidan.ws/media/uploads/3/0/0/4/148218/t_picture_148218hs3oby2jorp5fspqd1uumx.jpg|https://rosasidan.ws/media/uploads/9/0/5/7/144746/t_picture_1447469g5knjy1pkzyx7ecpkv5r2.jpg|https://rosasidan.ws/media/uploads/0/2/8/9/1380/t_picture_1380hvjhfpxbbzcudfmjke7ftnd.jpeg|https://rosasidan.ws/media/uploads/6/9/5/5/131289/t_picture_1312894go7b217dt3bhsxh2o5sju.jpg|https://rosasidan.ws/media/uploads/2/5/9/1/157600/t_picture_157600rvjj2md9evomeke6hj8cj.jpeg|https://rosasidan.ws/media/uploads/3/0/0/4/148218/t_picture_148218hs3oby2jorp5fspqd1uumx.jpg|https://rosasidan.ws/media/uploads/9/0/5/7/144746/t_picture_144746s67fr39rs4kj1tynuad5za.jpg|https://rosasidan.ws/media/uploads/9/6/1/0/153849/t_picture_153849mqnxhcdjenqqrvd3gff4nz.jpg|https://rosasidan.ws/media/uploads/4/1/6/4/877/t_picture_877zofps6j4m5hpmuc8a7vh9uvy9.jpg|https://rosasidan.ws/media/uploads/1/4/7/2/143205/t_picture_143205o6bvf2rqyoq9acztqanmup.png|https://rosasidan.ws/media/uploads/3/1/7/7/101171/t_picture_101171srcyc1turr263e7dkjg9d.jpeg|https://rosasidan.ws/media/uploads/0/9/9/6/8253/t_picture_8253uap8y3qpx6de6d5paqdojc3.jpeg|https://rosasidan.ws/media/uploads/0/9/9/6/8253/t_picture_8253pfy472vxjfdzjc7g3mpj4z3.jpeg|https://rosasidan.ws/media/uploads/0/9/9/6/8253/t_picture_8253pn9xkpubd6sjq6y3sf95te6.jpeg|https://rosasidan.ws/media/uploads/0/9/9/6/8253/t_picture_8253rm9bqybkttqu1vq63zy139t.jpeg|https://rosasidan.ws/media/uploads/0/9/9/6/8253/t_picture_8253cryazrx87tk9xdmemh3qrec.jpeg|https://rosasidan.ws/media/uploads/4/5/9/8/43472/t_rosasidan_y4forme-halmstad-profile-bnjgjcp7.jpg,21,2025-03-17 19:49:05
https://rosasidan.ws/ads/details/196032-Sensuell-erotisk-massage-jacuzzi-b2b-tantralingamyoni/,,,https://rosasidan.ws/media/uploads/6/9/5/5/131289/t_picture_1312894go7b217dt3bhsxh2o5sju.jpg|https://rosasidan.ws/media/uploads/6/3/1/3/96894/t_picture_96894rg9u4okvanxu66t32bcbdt.jpeg|https://rosasidan.ws/media/uploads/0/9/9/6/8253/t_picture_8253rm9bqybkttqu1vq63zy139t.jpeg|https://rosasidan.ws/media/uploads/1/2/1/1/1647/t_picture_1647rf139u7pjmc3ukxp9sm4jd4.jpeg|https://rosasidan.ws/media/uploads/0/9/5/6/93440/t_picture_93440j1qq1oq5vk6v9sxmonbs6ae.png|https://rosasidan.ws/media/uploads/9/0/5/7/144746/t_picture_1447469g5knjy1pkzyx7ecpkv5r2.jpg|https://rosasidan.ws/media/uploads/0/2/8/9/1380/t_picture_1380hvjhfpxbbzcudfmjke7ftnd.jpeg|https://rosasidan.ws/media/uploads/6/9/5/5/131289/t_picture_1312894go7b217dt3bhsxh2o5sju.jpg|https://rosasidan.ws/media/uploads/2/5/9/1/157600/t_picture_157600rvjj2md9evomeke6hj8cj.jpeg|https://rosasidan.ws/media/uploads/3/0/0/4/148218/t_picture_148218hs3oby2jorp5fspqd1uumx.jpg|https://rosasidan.ws/media/uploads/9/0/5/7/144746/t_picture_144746s67fr39rs4kj1tynuad5za.jpg|https://rosasidan.ws/media/uploads/9/6/1/0/153849/t_picture_153849mqnxhcdjenqqrvd3gff4nz.jpg|https://rosasidan.ws/media/uploads/4/1/6/4/877/t_picture_877zofps6j4m5hpmuc8a7vh9uvy9.jpg|https://rosasidan.ws/media/uploads/1/4/7/2/143205/t_picture_143205o6bvf2rqyoq9acztqanmup.png|https://rosasidan.ws/media/uploads/3/1/7/7/101171/t_picture_101171srcyc1turr263e7dkjg9d.jpeg|https://rosasidan.ws/media/uploads/0/0/9/7/34322/t_rosasidan_Arwen-gavle-profile-2p574b11.jpg|https://rosasidan.ws/media/uploads/0/0/9/7/34322/t_picture_34322mgq2uuj3zezygcxa1kd5spp.jpg|https://rosasidan.ws/media/uploads/0/0/9/7/34322/t_picture_343227vcrshqg75qkydocy8u246o.jpg|https://rosasidan.ws/media/uploads/0/0/9/7/34322/t_picture_34322e72eqy4o4yn2smuzrusp9zf.jpg|https://rosasidan.ws/media/uploads/0/0/9/7/34322/t_picture_343228rj6et36vdhsshaqo37v2v8.jpg|https://rosasidan.ws/media/uploads/0/0/9/7/34322/t_picture_343227xbf1xa4dqp7z2peaf3rf69.jpg|https://rosasidan.ws/media/uploads/0/0/9/7/34322/t_picture_34322hf4gtjaddp4742eq3k8prr3.jpg|https://rosasidan.ws/media/uploads/0/0/9/7/34322/t_picture_3432224xzjmk5kume6z5x6nc81h8.jpg|https://rosasidan.ws/media/uploads/0/0/9/7/34322/t_picture_34322zgc344x9251duohpey4su9z.jpg|https://rosasidan.ws/media/uploads/0/0/9/7/34322/t_picture_343226uuqn75kffupmdu59todj2v.jpg|https://rosasidan.ws/media/uploads/0/0/9/7/34322/t_picture_34322jn1jj8pxc41hv4rgbc4hhyv.jpg|https://rosasidan.ws/media/uploads/0/0/9/7/34322/t_picture_343228nh8fj78fohf898acjtk5ub.jpg|https://rosasidan.ws/media/uploads/0/0/9/7/34322/t_picture_34322mya6dc392qkpg9esvboath8.jpg|https://rosasidan.ws/media/uploads/4/5/9/8/43472/t_rosasidan_y4forme-halmstad-profile-bnjgjcp7.jpg,29,2025-03-17 19:49:06
https://rosasidan.ws/ads/details/197175-Halva-priset-alla-filmer-kt-milf/,,,https://rosasidan.ws/media/uploads/6/3/1/3/96894/t_picture_96894rg9u4okvanxu66t32bcbdt.jpeg|https://rosasidan.ws/media/uploads/1/2/1/1/1647/t_picture_1647rf139u7pjmc3ukxp9sm4jd4.jpeg|https://rosasidan.ws/media/uploads/0/9/9/6/8253/t_picture_8253rm9bqybkttqu1vq63zy139t.jpeg|https://rosasidan.ws/media/uploads/0/9/5/6/93440/t_picture_93440j1qq1oq5vk6v9sxmonbs6ae.png|https://rosasidan.ws/media/uploads/3/0/0/4/148218/t_picture_148218hs3oby2jorp5fspqd1uumx.jpg|https://rosasidan.ws/media/uploads/9/0/5/7/144746/t_picture_1447469g5knjy1pkzyx7ecpkv5r2.jpg|https://rosasidan.ws/media/uploads/0/2/8/9/1380/t_picture_1380hvjhfpxbbzcudfmjke7ftnd.jpeg|https://rosasidan.ws/media/uploads/6/9/5/5/131289/t_picture_1312894go7b217dt3bhsxh2o5sju.jpg|https://rosasidan.ws/media/uploads/2/5/9/1/157600/t_picture_157600rvjj2md9evomeke6hj8cj.jpeg|https://rosasidan.ws/media/uploads/3/0/0/4/148218/t_picture_148218hs3oby2jorp5fspqd1uumx.jpg|https://rosasidan.ws/media/uploads/9/0/5/7/144746/t_picture_144746s67fr39rs4kj1tynuad5za.jpg|https://rosasidan.ws/media/uploads/9/6/1/0/153849/t_picture_153849mqnxhcdjenqqrvd3gff4nz.jpg|https://rosasidan.ws/media/uploads/4/1/6/4/877/t_picture_877zofps6j4m5hpmuc8a7vh9uvy9.jpg|https://rosasidan.ws/media/uploads/1/4/7/2/143205/t_picture_143205o6bvf2rqyoq9acztqanmup.png|https://rosasidan.ws/media/uploads/3/1/7/7/101171/t_picture_101171srcyc1turr263e7dkjg9d.jpeg|https://rosasidan.ws/media/uploads/0/9/5/6/93440/t_picture_93440kjf7gr235fsazt4z28avvnd.jpg|https://rosasidan.ws/media/uploads/0/9/5/6/93440/t_picture_93440ubq1tqfd6pfdfo35nharrd5.jpg|https://rosasidan.ws/media/uploads/0/9/5/6/93440/t_picture_93440n8nfeqdhatdr89vk9h4xkk6.jpg|https://rosasidan.ws/media/uploads/0/9/5/6/93440/t_picture_93440avmdtvzdvebsu6sr8c18jco.jpg|https://rosasidan.ws/media/uploads/0/9/5/6/93440/t_picture_93440e5k8hn6qmbpbv5crueupm6y.jpg|https://rosasidan.ws/media/uploads/0/9/5/6/93440/t_picture_934403npodf298yj1dao8xspohos.jpg|https://rosasidan.ws/media/uploads/0/9/5/6/93440/t_picture_934401b43b6j3oakcfp7r346r8as.jpg|https://rosasidan.ws/media/uploads/0/9/5/6/93440/t_picture_93440bdpsadzpcb5t4dsrak78tbu.jpg|https://rosasidan.ws/media/uploads/0/9/5/6/93440/t_picture_934403ao8uoadmmjoehcqjo7qkrr.jpg|https://rosasidan.ws/media/uploads/0/9/5/6/93440/t_picture_93440of3omq15hjvjk4rz3fk4ntp.jpg|https://rosasidan.ws/media/uploads/0/9/5/6/93440/t_picture_93440zjxnqxrq7rruy3do59oc6vu.jpg|https://rosasidan.ws/media/uploads/0/9/5/6/93440/t_picture_934403mu9t32e69uqqo8emt4hcyc.png|https://rosasidan.ws/media/uploads/0/9/5/6/93440/t_picture_93440suo6o9h3gczf5fnrve1sqc7.png|https://rosasidan.ws/media/uploads/0/9/5/6/93440/t_picture_93440n88ub4f7ujy18ucqsz2kf3v.png|https://rosasidan.ws/media/uploads/0/9/5/6/93440/t_picture_934401zrf6no7ybr2m7ze64r58d7.png|https://rosasidan.ws/media/uploads/0/9/5/6/93440/t_picture_93440cqea7mp4z3gvryuynr6x5uu.png|https://rosasidan.ws/media/uploads/0/9/5/6/93440/t_picture_93440fgu6zpoa5ea5q1xr2eescgp.png|https://rosasidan.ws/media/uploads/0/9/5/6/93440/t_picture_9344036b3r6afy4ufdrjd2mvnn4f.png|https://rosasidan.ws/media/uploads/0/9/5/6/93440/t_picture_93440yrbyzbb1fufebtpjvsasct5.png|https://rosasidan.ws/media/uploads/0/9/5/6/93440/t_picture_93440mjvvt6yb8aq2ys2yjthmqb7.png|https://rosasidan.ws/media/uploads/0/9/5/6/93440/t_picture_93440u7uohnqfd2hcozucydazjtx.png|https://rosasidan.ws/media/uploads/0/9/5/6/93440/t_picture_93440pt6oyahaytv85p7fbvcgrqo.png|https://rosasidan.ws/media/uploads/0/9/5/6/93440/t_picture_93440j1qq1oq5vk6v9sxmonbs6ae.png|https://rosasidan.ws/media/uploads/0/9/5/6/93440/t_picture_934408khyzu75s3vkaheq5998f8p.png|https://rosasidan.ws/media/uploads/4/5/9/8/43472/t_rosasidan_y4forme-halmstad-profile-bnjgjcp7.jpg,40,2025-03-17 19:49:08
https://rosasidan.ws/ads/details/208124-Blond-kt-tjej-med-superrea-finns-online-fr-kta-stunder-/,,,https://rosasidan.ws/media/uploads/6/9/5/5/131289/t_picture_1312894go7b217dt3bhsxh2o5sju.jpg|https://rosasidan.ws/media/uploads/6/3/1/3/96894/t_picture_96894rg9u4okvanxu66t32bcbdt.jpeg|https://rosasidan.ws/media/uploads/1/2/1/1/1647/t_picture_1647rf139u7pjmc3ukxp9sm4jd4.jpeg|https://rosasidan.ws/media/uploads/0/9/5/6/93440/t_picture_93440j1qq1oq5vk6v9sxmonbs6ae.png|https://rosasidan.ws/media/uploads/0/9/9/6/8253/t_picture_8253rm9bqybkttqu1vq63zy139t.jpeg|https://rosasidan.ws/media/uploads/9/0/5/7/144746/t_picture_1447469g5knjy1pkzyx7ecpkv5r2.jpg|https://rosasidan.ws/media/uploads/0/2/8/9/1380/t_picture_1380hvjhfpxbbzcudfmjke7ftnd.jpeg|https://rosasidan.ws/media/uploads/6/9/5/5/131289/t_picture_1312894go7b217dt3bhsxh2o5sju.jpg|https://rosasidan.ws/media/uploads/2/5/9/1/157600/t_picture_157600rvjj2md9evomeke6hj8cj.jpeg|https://rosasidan.ws/media/uploads/3/0/0/4/148218/t_picture_148218hs3oby2jorp5fspqd1uumx.jpg|https://rosasidan.ws/media/uploads/9/0/5/7/144746/t_picture_144746s67fr39rs4kj1tynuad5za.jpg|https://rosasidan.ws/media/uploads/9/6/1/0/153849/t_picture_153849mqnxhcdjenqqrvd3gff4nz.jpg|https://rosasidan.ws/media/uploads/4/1/6/4/877/t_picture_877zofps6j4m5hpmuc8a7vh9uvy9.jpg|https://rosasidan.ws/media/uploads/1/4/7/2/143205/t_picture_143205o6bvf2rqyoq9acztqanmup.png|https://rosasidan.ws/media/uploads/3/1/7/7/101171/t_picture_101171srcyc1turr263e7dkjg9d.jpeg|https://rosasidan.ws/media/uploads/3/8/6/0/33934/t_rosasidan_SannaSthlmCam-ekero-profile-asp2bxsu.jpeg|https://rosasidan.ws/media/uploads/smiley_smile.png|https://rosasidan.ws/media/uploads/smiley_37xsthtm9qcby2sbnnmfozrorbd.gif|https://rosasidan.ws/media/uploads/3/8/6/0/33934/t_picture_33934svyehe4kn4qz5khnmbgmuo9.jpg|https://rosasidan.ws/media/uploads/3/8/6/0/33934/t_picture_33934xg19h3bjbyoodeaqjpq3zv.jpeg|https://rosasidan.ws/media/uploads/3/8/6/0/33934/t_picture_33934bfekgad2b3gpr1adp4gstd.jpeg|https://rosasidan.ws/media/uploads/3/8/6/0/33934/t_picture_33934hzqyzgh2z2ufhgx5f3eytdd.jpg|https://rosasidan.ws/media/uploads/3/8/6/0/33934/t_picture_33934odczmuusak1qb1p2dsoesz1.jpg|https://rosasidan.ws/media/uploads/3/8/6/0/33934/t_picture_33934qs3enmr8jfchapks152ggtg.jpg|https://rosasidan.ws/media/uploads/3/8/6/0/33934/t_picture_33934p8ydrjyfqvzscqd97vc7fc.jpeg|https://rosasidan.ws/media/uploads/3/8/6/0/33934/t_picture_339343vgr1y784ajhf7hgg5fhmtp.jpg|https://rosasidan.ws/media/uploads/3/8/6/0/33934/t_picture_3393441t8obcuryuc594f3x6rd3.jpeg|https://rosasidan.ws/media/uploads/3/8/6/0/33934/t_picture_33934a2f85793o3tacrurhp21tbd.jpg|https://rosasidan.ws/media/uploads/3/8/6/0/33934/t_picture_33934og4qb64m15ofupn9ndod3t.jpeg|https://rosasidan.ws/media/uploads/3/8/6/0/33934/t_picture_3393447n6d86kydxy61c847f79s.jpeg|https://rosasidan.ws/media/uploads/3/8/6/0/33934/t_picture_33934o3p5vze42tj7167cc9xfqm.jpeg|https://rosasidan.ws/media/uploads/3/8/6/0/33934/t_picture_33934uh8su4r2p4aqdvcymakvxc.jpeg|https://rosasidan.ws/media/uploads/3/8/6/0/33934/t_picture_33934nm6c62ty3kt32j5ecpn85y.jpeg|https://rosasidan.ws/media/uploads/3/8/6/0/33934/t_picture_33934eay9uc35oh82g2mfmn5tfh.jpeg|https://rosasidan.ws/media/uploads/3/8/6/0/33934/t_picture_33934cyyr9e879f4d7ypm2tvca2.jpeg|https://rosasidan.ws/media/uploads/3/8/6/0/33934/t_picture_33934td7ynbpurjx95angm3x4z7.jpeg|https://rosasidan.ws/media/uploads/3/8/6/0/33934/t_picture_33934mmmrd89sbxz88e1cao5q3q.jpeg|https://rosasidan.ws/media/uploads/3/8/6/0/33934/t_picture_3393445ca1bjbaq5y3r3bufz19x.jpeg|https://rosasidan.ws/media/uploads/3/8/6/0/33934/t_picture_33934n5a2zra6k7z6e2226oh824.jpeg|https://rosasidan.ws/media/uploads/3/8/6/0/33934/t_picture_33934fr65g868duh4zkbvoo795c.jpeg|https://rosasidan.ws/media/uploads/4/5/9/8/43472/t_rosasidan_y4forme-halmstad-profile-bnjgjcp7.jpg,41,2025-03-17 19:49:10
https://rosasidan.ws/ads/details/214968-kom-och-lek-med-mig/,,,https://rosasidan.ws/media/uploads/3/0/0/4/148218/t_picture_148218hs3oby2jorp5fspqd1uumx.jpg|https://rosasidan.ws/media/uploads/1/2/1/1/1647/t_picture_1647rf139u7pjmc3ukxp9sm4jd4.jpeg|https://rosasidan.ws/media/uploads/0/9/9/6/8253/t_picture_8253rm9bqybkttqu1vq63zy139t.jpeg|https://rosasidan.ws/media/uploads/6/3/1/3/96894/t_picture_96894rg9u4okvanxu66t32bcbdt.jpeg|https://rosasidan.ws/media/uploads/6/9/5/5/131289/t_picture_1312894go7b217dt3bhsxh2o5sju.jpg|https://rosasidan.ws/media/uploads/9/0/5/7/144746/t_picture_1447469g5knjy1pkzyx7ecpkv5r2.jpg|https://rosasidan.ws/media/uploads/0/2/8/9/1380/t_picture_1380hvjhfpxbbzcudfmjke7ftnd.jpeg|https://rosasidan.ws/media/uploads/6/9/5/5/131289/t_picture_1312894go7b217dt3bhsxh2o5sju.jpg|https://rosasidan.ws/media/uploads/2/5/9/1/157600/t_picture_157600rvjj2md9evomeke6hj8cj.jpeg|https://rosasidan.ws/media/uploads/3/0/0/4/148218/t_picture_148218hs3oby2jorp5fspqd1uumx.jpg|https://rosasidan.ws/media/uploads/9/0/5/7/144746/t_picture_144746s67fr39rs4kj1tynuad5za.jpg|https://rosasidan.ws/media/uploads/9/6/1/0/153849/t_picture_153849mqnxhcdjenqqrvd3gff4nz.jpg|https://rosasidan.ws/media/uploads/4/1/6/4/877/t_picture_877zofps6j4m5hpmuc8a7vh9uvy9.jpg|https://rosasidan.ws/media/uploads/1/4/7/2/143205/t_picture_143205o6bvf2rqyoq9acztqanmup.png|https://rosasidan.ws/media/uploads/3/1/7/7/101171/t_picture_101171srcyc1turr263e7dkjg9d.jpeg|https://rosasidan.ws/media/uploads/7/0/4/4/145984/t_rosasidan_NymfMilf36-kristanstad-profile-xnozjaa5.jpg|https://rosasidan.ws/media/uploads/smiley_wink.png|https://rosasidan.ws/media/uploads/smiley_wink.png|https://rosasidan.ws/media/uploads/7/0/4/4/145984/t_picture_145984r6zzxb99pr32fzcyg59zat.jpg|https://rosasidan.ws/media/uploads/7/0/4/4/145984/t_picture_145984a7h8rh8yrmyth26emfg9qx.jpg|https://rosasidan.ws/media/uploads/7/0/4/4/145984/t_picture_14598434qxmqbz92q98aypahynd9.jpg|https://rosasidan.ws/media/uploads/7/0/4/4/145984/t_picture_145984g6vpsfocmr6a67fjct57z2.jpg|https://rosasidan.ws/media/uploads/7/0/4/4/145984/t_picture_145984n5ybyujbp5zfot3pox2pp2.jpg|https://rosasidan.ws/media/uploads/7/0/4/4/145984/t_picture_145984pkvh2xyttamu4gszg4pu2v.jpg|https://rosasidan.ws/media/uploads/7/0/4/4/145984/t_picture_145984yccmzy6jmkc9smkppvnkm1.jpg|https://rosasidan.ws/media/uploads/7/0/4/4/145984/t_picture_145984fzg1kkuz5bxbu33vqpbs82.jpg|https://rosasidan.ws/media/uploads/7/0/4/4/145984/t_picture_145984q77qt3a6axfn8v56q74fso.jpg|https://rosasidan.ws/media/uploads/4/5/9/8/43472/t_rosasidan_y4forme-halmstad-profile-bnjgjcp7.jpg,28,2025-03-17 19:49:12
https://rosasidan.ws/ads/details/215768-Nyskild-och-kt-milf-/,,,https://rosasidan.ws/media/uploads/0/9/9/6/8253/t_picture_8253rm9bqybkttqu1vq63zy139t.jpeg|https://rosasidan.ws/media/uploads/6/9/5/5/131289/t_picture_1312894go7b217dt3bhsxh2o5sju.jpg|https://rosasidan.ws/media/uploads/1/2/1/1/1647/t_picture_1647rf139u7pjmc3ukxp9sm4jd4.jpeg|https://rosasidan.ws/media/uploads/6/3/1/3/96894/t_picture_96894rg9u4okvanxu66t32bcbdt.jpeg|https://rosasidan.ws/media/uploads/3/0/0/4/148218/t_picture_148218hs3oby2jorp5fspqd1uumx.jpg|https://rosasidan.ws/media/uploads/9/0/5/7/144746/t_picture_1447469g5knjy1pkzyx7ecpkv5r2.jpg|https://rosasidan.ws/media/uploads/0/2/8/9/1380/t_picture_1380hvjhfpxbbzcudfmjke7ftnd.jpeg|https://rosasidan.ws/media/uploads/6/9/5/5/131289/t_picture_1312894go7b217dt3bhsxh2o5sju.jpg|https://rosasidan.ws/media/uploads/2/5/9/1/157600/t_picture_157600rvjj2md9evomeke6hj8cj.jpeg|https://rosasidan.ws/media/uploads/3/0/0/4/148218/t_picture_148218hs3oby2jorp5fspqd1uumx.jpg|https://rosasidan.ws/media/uploads/9/0/5/7/144746/t_picture_144746s67fr39rs4kj1tynuad5za.jpg|https://rosasidan.ws/media/uploads/9/6/1/0/153849/t_picture_153849mqnxhcdjenqqrvd3gff4nz.jpg|https://rosasidan.ws/media/uploads/4/1/6/4/877/t_picture_877zofps6j4m5hpmuc8a7vh9uvy9.jpg|https://rosasidan.ws/media/uploads/1/4/7/2/143205/t_picture_143205o6bvf2rqyoq9acztqanmup.png|https://rosasidan.ws/media/uploads/3/1/7/7/101171/t_picture_101171srcyc1turr263e7dkjg9d.jpeg|https://rosasidan.ws/media/uploads/2/5/9/1/157600/t_rosasidan_DivorcedMILF87-stockholm-profile-dnpttyp5.jpeg|https://rosasidan.ws/media/uploads/2/5/9/1/157600/t_picture_0m5cx5x9knvzronoo8c9ugvzquq.jpeg|https://rosasidan.ws/media/uploads/2/5/9/1/157600/t_picture_157600rvjj2md9evomeke6hj8cj.jpeg|https://rosasidan.ws/media/uploads/2/5/9/1/157600/t_picture_157600d9jy6a5u824okdkagxmtt.jpeg|https://rosasidan.ws/media/uploads/2/5/9/1/157600/t_picture_157600py6pbqphdf8kmpvqp3y9n.jpeg|https://rosasidan.ws/media/uploads/2/5/9/1/157600/t_picture_157600qgxsh5ktz3en59ujv6r3y.jpeg|https://rosasidan.ws/media/uploads/4/5/9/8/43472/t_rosasidan_y4forme-halmstad-profile-bnjgjcp7.jpg,22,2025-03-17 19:49:13
https://rosasidan.ws/ads/details/215799-gbgflyttar-om-14-dagar-passa-p-nu-tmmaglmma-kom-s-tmmer-vi-psen-p-ssvlkommen/,,,https://rosasidan.ws/media/uploads/1/2/1/1/1647/t_picture_1647rf139u7pjmc3ukxp9sm4jd4.jpeg|https://rosasidan.ws/media/uploads/0/9/9/6/8253/t_picture_8253rm9bqybkttqu1vq63zy139t.jpeg|https://rosasidan.ws/media/uploads/0/9/5/6/93440/t_picture_93440j1qq1oq5vk6v9sxmonbs6ae.png|https://rosasidan.ws/media/uploads/6/9/5/5/131289/t_picture_1312894go7b217dt3bhsxh2o5sju.jpg|https://rosasidan.ws/media/uploads/3/0/0/4/148218/t_picture_148218hs3oby2jorp5fspqd1uumx.jpg|https://rosasidan.ws/media/uploads/9/0/5/7/144746/t_picture_1447469g5knjy1pkzyx7ecpkv5r2.jpg|https://rosasidan.ws/media/uploads/0/2/8/9/1380/t_picture_1380hvjhfpxbbzcudfmjke7ftnd.jpeg|https://rosasidan.ws/media/uploads/6/9/5/5/131289/t_picture_1312894go7b217dt3bhsxh2o5sju.jpg|https://rosasidan.ws/media/uploads/2/5/9/1/157600/t_picture_157600rvjj2md9evomeke6hj8cj.jpeg|https://rosasidan.ws/media/uploads/3/0/0/4/148218/t_picture_148218hs3oby2jorp5fspqd1uumx.jpg|https://rosasidan.ws/media/uploads/9/0/5/7/144746/t_picture_144746s67fr39rs4kj1tynuad5za.jpg|https://rosasidan.ws/media/uploads/9/6/1/0/153849/t_picture_153849mqnxhcdjenqqrvd3gff4nz.jpg|https://rosasidan.ws/media/uploads/4/1/6/4/877/t_picture_877zofps6j4m5hpmuc8a7vh9uvy9.jpg|https://rosasidan.ws/media/uploads/1/4/7/2/143205/t_picture_143205o6bvf2rqyoq9acztqanmup.png|https://rosasidan.ws/media/uploads/3/1/7/7/101171/t_picture_101171srcyc1turr263e7dkjg9d.jpeg|https://rosasidan.ws/media/uploads/0/2/8/9/1380/t_rosasidan_SofiaGbg-goteborg-profile-nb4fa9uq.jpeg|https://rosasidan.ws/media/uploads/0/2/8/9/1380/t_picture_1380hvjhfpxbbzcudfmjke7ftnd.jpeg|https://rosasidan.ws/media/uploads/4/5/9/8/43472/t_rosasidan_y4forme-halmstad-profile-bnjgjcp7.jpg,18,2025-03-17 19:49:15
https://rosasidan.ws/ads/details/205548-Sensuell-massage-stockholmerotisk-massage-milking-table/,,,https://rosasidan.ws/media/uploads/0/9/5/6/93440/t_picture_93440j1qq1oq5vk6v9sxmonbs6ae.png|https://rosasidan.ws/media/uploads/0/9/9/6/8253/t_picture_8253rm9bqybkttqu1vq63zy139t.jpeg|https://rosasidan.ws/media/uploads/3/0/0/4/148218/t_picture_148218hs3oby2jorp5fspqd1uumx.jpg|https://rosasidan.ws/media/uploads/6/3/1/3/96894/t_picture_96894rg9u4okvanxu66t32bcbdt.jpeg|https://rosasidan.ws/media/uploads/1/2/1/1/1647/t_picture_1647rf139u7pjmc3ukxp9sm4jd4.jpeg|https://rosasidan.ws/media/uploads/9/0/5/7/144746/t_picture_1447469g5knjy1pkzyx7ecpkv5r2.jpg|https://rosasidan.ws/media/uploads/0/2/8/9/1380/t_picture_1380hvjhfpxbbzcudfmjke7ftnd.jpeg|https://rosasidan.ws/media/uploads/6/9/5/5/131289/t_picture_1312894go7b217dt3bhsxh2o5sju.jpg|https://rosasidan.ws/media/uploads/2/5/9/1/157600/t_picture_157600rvjj2md9evomeke6hj8cj.jpeg|https://rosasidan.ws/media/uploads/3/0/0/4/148218/t_picture_148218hs3oby2jorp5fspqd1uumx.jpg|https://rosasidan.ws/media/uploads/9/0/5/7/144746/t_picture_144746s67fr39rs4kj1tynuad5za.jpg|https://rosasidan.ws/media/uploads/9/6/1/0/153849/t_picture_153849mqnxhcdjenqqrvd3gff4nz.jpg|https://rosasidan.ws/media/uploads/4/1/6/4/877/t_picture_877zofps6j4m5hpmuc8a7vh9uvy9.jpg|https://rosasidan.ws/media/uploads/1/4/7/2/143205/t_picture_143205o6bvf2rqyoq9acztqanmup.png|https://rosasidan.ws/media/uploads/3/1/7/7/101171/t_picture_101171srcyc1turr263e7dkjg9d.jpeg|https://rosasidan.ws/media/uploads/8/2/2/7/64655/t_rosasidan_Gyllene-stockholm-profile-one39he6.jpg|https://rosasidan.ws/media/uploads/8/2/2/7/64655/t_picture_64655a4qyh5dav92sotaqkrqf8e7.jpg|https://rosasidan.ws/media/uploads/8/2/2/7/64655/t_picture_64655zhtp6xj5vggxtfaq68qurh7.jpg|https://rosasidan.ws/media/uploads/8/2/2/7/64655/t_picture_64655jjxjbgkc1cm14duf1k4j9d3.jpg|https://rosasidan.ws/media/uploads/8/2/2/7/64655/t_picture_646559aqu89a2yorjf3q9z6qf3r5.jpg|https://rosasidan.ws/media/uploads/4/5/9/8/43472/t_rosasidan_y4forme-halmstad-profile-bnjgjcp7.jpg,21,2025-03-17 19:49:17
https://rosasidan.ws/ads/details/211218-Ses-idag---stockholm---din-exotiska-flickvn/,,,https://rosasidan.ws/media/uploads/0/9/5/6/93440/t_picture_93440j1qq1oq5vk6v9sxmonbs6ae.png|https://rosasidan.ws/media/uploads/0/9/9/6/8253/t_picture_8253rm9bqybkttqu1vq63zy139t.jpeg|https://rosasidan.ws/media/uploads/1/2/1/1/1647/t_picture_1647rf139u7pjmc3ukxp9sm4jd4.jpeg|https://rosasidan.ws/media/uploads/3/0/0/4/148218/t_picture_148218hs3oby2jorp5fspqd1uumx.jpg|https://rosasidan.ws/media/uploads/6/3/1/3/96894/t_picture_96894rg9u4okvanxu66t32bcbdt.jpeg|https://rosasidan.ws/media/uploads/9/0/5/7/144746/t_picture_1447469g5knjy1pkzyx7ecpkv5r2.jpg|https://rosasidan.ws/media/uploads/0/2/8/9/1380/t_picture_1380hvjhfpxbbzcudfmjke7ftnd.jpeg|https://rosasidan.ws/media/uploads/6/9/5/5/131289/t_picture_1312894go7b217dt3bhsxh2o5sju.jpg|https://rosasidan.ws/media/uploads/2/5/9/1/157600/t_picture_157600rvjj2md9evomeke6hj8cj.jpeg|https://rosasidan.ws/media/uploads/3/0/0/4/148218/t_picture_148218hs3oby2jorp5fspqd1uumx.jpg|https://rosasidan.ws/media/uploads/9/0/5/7/144746/t_picture_144746s67fr39rs4kj1tynuad5za.jpg|https://rosasidan.ws/media/uploads/9/6/1/0/153849/t_picture_153849mqnxhcdjenqqrvd3gff4nz.jpg|https://rosasidan.ws/media/uploads/4/1/6/4/877/t_picture_877zofps6j4m5hpmuc8a7vh9uvy9.jpg|https://rosasidan.ws/media/uploads/1/4/7/2/143205/t_picture_143205o6bvf2rqyoq9acztqanmup.png|https://rosasidan.ws/media/uploads/3/1/7/7/101171/t_picture_101171srcyc1turr263e7dkjg9d.jpeg|https://rosasidan.ws/media/uploads/smiley_smile.png|https://rosasidan.ws/media/uploads/7/3/2/8/91727/t_picture_91727ngvcqo6d73vzd99fssdtdo3.jpg|https://rosasidan.ws/media/uploads/7/3/2/8/91727/t_picture_917272u8nbn8j829p2o9tqbr8cjm.jpg|https://rosasidan.ws/media/uploads/7/3/2/8/91727/t_picture_91727jx28dmphuac17f3sb3y8jp9.jpg|https://rosasidan.ws/media/uploads/7/3/2/8/91727/t_picture_91727qr9ob9jdkdkusytt8xcndxr.jpg|https://rosasidan.ws/media/uploads/7/3/2/8/91727/t_picture_91727gh5qbv6cy4vgm6ynbj8xc6p.jpg|https://rosasidan.ws/media/uploads/7/3/2/8/91727/t_picture_91727nx75nazs1xoxtx7fbfdj43v.jpg|https://rosasidan.ws/media/uploads/7/3/2/8/91727/t_picture_91727vf54u5e3hm884f8nkb7tvz9.jpg|https://rosasidan.ws/media/uploads/7/3/2/8/91727/t_picture_91727d8g36maa9p29x5uj94yjau4.jpg|https://rosasidan.ws/media/uploads/7/3/2/8/91727/t_picture_917276mqufdxnrj19paxz3ndd94m.jpg|https://rosasidan.ws/media/uploads/7/3/2/8/91727/t_picture_91727f89dr6zd1ytj5vnof3yax62.jpg|https://rosasidan.ws/media/uploads/7/3/2/8/91727/t_picture_91727akdy5daqvc5gqpjc6z4xv1x.jpg|https://rosasidan.ws/media/uploads/7/3/2/8/91727/t_picture_91727s5a9nhfr2kbbg6xqffqpjh2.jpg|https://rosasidan.ws/media/uploads/7/3/2/8/91727/t_picture_91727uv8cxj8omq6knazkvygdbum.jpg|https://rosasidan.ws/media/uploads/7/3/2/8/91727/t_picture_917275c7htat468buh425zzdojza.jpg|https://rosasidan.ws/media/uploads/7/3/2/8/91727/t_picture_91727dynkfsa7cpykyeonjgqto21.jpg|https://rosasidan.ws/media/uploads/7/3/2/8/91727/t_picture_91727ok8nx8apbnff756v7nkd3b4.jpg|https://rosasidan.ws/media/uploads/7/3/2/8/91727/t_picture_9172768es5pcqc4r3az8jprxvfvs.jpg|https://rosasidan.ws/media/uploads/7/3/2/8/91727/t_picture_917274ks3tez994v4fqrassy7pkn.jpg|https://rosasidan.ws/media/uploads/7/3/2/8/91727/t_picture_917275jm5toghsrcrn5ohznkr8y2.jpg|https://rosasidan.ws/media/uploads/7/3/2/8/91727/t_picture_91727e3pasmhck37tnmttpn6xz8j.jpg|https://rosasidan.ws/media/uploads/7/3/2/8/91727/t_picture_91727bjyfj94eymb82r2sgg1kqh9.jpg|https://rosasidan.ws/media/uploads/7/3/2/8/91727/t_picture_917273j526h7afd8sj6zs9thej66.jpg|https://rosasidan.ws/media/uploads/7/3/2/8/91727/t_picture_91727yzh6s1hb2tagpmjuj84dnqu.jpg|https://rosasidan.ws/media/uploads/7/3/2/8/91727/t_picture_91727cnhc11n6ox58kam8pf86bkx.jpg|https://rosasidan.ws/media/uploads/4/5/9/8/43472/t_rosasidan_y4forme-halmstad-profile-bnjgjcp7.jpg,41,2025-03-17 19:49:18
https://rosasidan.ws/ads/details/215787-Aktiv-med-hrligtnasty-online-live-myscontent-/,,,https://rosasidan.ws/media/uploads/0/9/5/6/93440/t_picture_93440j1qq1oq5vk6v9sxmonbs6ae.png|https://rosasidan.ws/media/uploads/6/9/5/5/131289/t_picture_1312894go7b217dt3bhsxh2o5sju.jpg|https://rosasidan.ws/media/uploads/3/0/0/4/148218/t_picture_148218hs3oby2jorp5fspqd1uumx.jpg|https://rosasidan.ws/media/uploads/0/9/9/6/8253/t_picture_8253rm9bqybkttqu1vq63zy139t.jpeg|https://rosasidan.ws/media/uploads/6/3/1/3/96894/t_picture_96894rg9u4okvanxu66t32bcbdt.jpeg|https://rosasidan.ws/media/uploads/9/0/5/7/144746/t_picture_1447469g5knjy1pkzyx7ecpkv5r2.jpg|https://rosasidan.ws/media/uploads/0/2/8/9/1380/t_picture_1380hvjhfpxbbzcudfmjke7ftnd.jpeg|https://rosasidan.ws/media/uploads/6/9/5/5/131289/t_picture_1312894go7b217dt3bhsxh2o5sju.jpg|https://rosasidan.ws/media/uploads/2/5/9/1/157600/t_picture_157600rvjj2md9evomeke6hj8cj.jpeg|https://rosasidan.ws/media/uploads/3/0/0/4/148218/t_picture_148218hs3oby2jorp5fspqd1uumx.jpg|https://rosasidan.ws/media/uploads/9/0/5/7/144746/t_picture_144746s67fr39rs4kj1tynuad5za.jpg|https://rosasidan.ws/media/uploads/9/6/1/0/153849/t_picture_153849mqnxhcdjenqqrvd3gff4nz.jpg|https://rosasidan.ws/media/uploads/4/1/6/4/877/t_picture_877zofps6j4m5hpmuc8a7vh9uvy9.jpg|https://rosasidan.ws/media/uploads/1/4/7/2/143205/t_picture_143205o6bvf2rqyoq9acztqanmup.png|https://rosasidan.ws/media/uploads/3/1/7/7/101171/t_picture_101171srcyc1turr263e7dkjg9d.jpeg|https://rosasidan.ws/media/uploads/9/2/6/7/152970/t_picture_152970xjb2mcgkmkm43cdxarj13f.jpg|https://rosasidan.ws/media/uploads/9/2/6/7/152970/t_picture_152970daqpxb7n6jay9fvx29d7oo.jpg|https://rosasidan.ws/media/uploads/9/2/6/7/152970/t_picture_1529707tthavjkptgjh5qy9czep9.jpg|https://rosasidan.ws/media/uploads/9/2/6/7/152970/t_picture_152970u23gsy6nvfayzfjyd3bkgy.jpg|https://rosasidan.ws/media/uploads/9/2/6/7/152970/t_picture_152970rv6pbm854cz2jv4eaa5k35.jpg|https://rosasidan.ws/media/uploads/9/2/6/7/152970/t_picture_152970aopjmgmcjujt3659hgfx1n.png|https://rosasidan.ws/media/uploads/9/2/6/7/152970/t_picture_152970cva6apeprkkvfjo85gjv74.jpg|https://rosasidan.ws/media/uploads/9/2/6/7/152970/t_picture_152970amx8n7do7jqqdparon7f7j.jpg|https://rosasidan.ws/media/uploads/9/2/6/7/152970/t_picture_1529707e4r26vdcjdb8bx6j4hs6t.jpg|https://rosasidan.ws/media/uploads/9/2/6/7/152970/t_picture_152970krp74yjrrq5nuebvngdkca.jpg|https://rosasidan.ws/media/uploads/9/2/6/7/152970/t_picture_152970td2j34jv22q7c6bqbzq5et.jpg|https://rosasidan.ws/media/uploads/9/2/6/7/152970/t_picture_152970opz3hqorv85ksodbf65c6a.jpg|https://rosasidan.ws/media/uploads/4/5/9/8/43472/t_rosasidan_y4forme-halmstad-profile-bnjgjcp7.jpg,28,2025-03-17 19:49:20
